Entrance_Percentile,CGPA_10,12th_Percentage,Work_Exp_Months,Target_NIRF_Tier,Target_Tuition_INR,Admit_Probability
83.29,9.15,81.3,5,3,1249794,0.473
99.9,6.98,92.0,3,4,1654362,0.427
88.4,9.9,80.4,3,4,1611338,0.408
99.9,6.36,75.1,13,4,1623347,0.386
83.14,7.4,90.0,1,3,1202651,0.501
84.17,5.5,83.6,10,3,1274354,0.421
94.06,5.5,66.6,60,3,1339450,0.537
94.91,7.88,68.6,2,4,1625992,0.409
83.64,9.68,86.1,7,4,1625688,0.398
56.59,5.92,90.1,7,1,535264,0.569
83.0,7.63,85.7,0,3,1205716,0.492
93.22,8.84,90.7,6,4,1590139,0.452
85.28,5.91,89.2,48,3,1279791,0.494
90.47,6.27,72.2,5,3,1233146,0.477
88.25,9.02,88.1,23,4,1591424,0.446
67.78,7.16,93.1,0,2,940257,0.534
95.59,7.18,86.1,12,4,1621435,0.442
78.04,6.57,96.5,11,3,1249392,0.427
78.98,7.73,67.3,7,3,1215879,0.425
92.09,7.87,96.7,15,4,1609548,0.419
76.22,7.08,75.3,3,3,1245203,0.411
88.14,9.62,96.7,12,4,1633608,0.388
74.73,7.67,89.6,12,3,1345081,0.441
82.75,6.86,73.0,1,3,1214101,0.472
80.52,9.02,89.5,9,3,1231928,0.489
79.46,7.91,81.7,2,3,1219220,0.481
75.2,8.32,73.3,6,3,1271049,0.419
84.46,7.36,75.2,4,3,1233746,0.461
86.46,8.08,88.2,1,3,1339882,0.491
96.11,8.72,91.3,5,4,1527077,0.456
78.11,5.6,82.6,38,2,926017,0.607
85.63,7.65,81.5,5,3,1264405,0.503
99.9,6.99,73.5,1,4,1636720,0.419
89.7,5.5,78.9,4,3,1280448,0.505
90.79,9.83,69.9,1,4,1612477,0.403
90.2,7.61,87.4,20,4,1578478,0.423
64.55,9.55,90.1,34,3,1194247,0.447
82.07,7.2,96.0,4,3,1279161,0.443
59.32,8.72,99.0,0,2,893520,0.536
95.34,7.46,87.6,19,4,1474851,0.421
99.9,7.25,70.2,24,4,1591854,0.38
78.65,5.6,96.1,17,2,841384,0.595
99.9,8.42,82.0,1,4,1664797,0.451
71.54,8.33,83.8,6,3,1275961,0.446
70.7,7.13,72.8,5,2,1017424,0.523
91.63,7.79,63.6,32,4,1609611,0.337
75.21,9.07,84.0,25,3,1138601,0.455
79.04,7.77,87.6,6,3,1259278,0.483
98.03,8.92,92.0,2,4,1552541,0.48
73.3,5.5,87.9,1,2,879531,0.539
81.61,7.72,83.1,1,3,1322943,0.487
83.59,7.76,99.0,9,3,1248849,0.512
89.54,7.4,87.0,23,3,1294887,0.514
93.79,8.04,79.4,12,4,1600270,0.378
83.76,7.09,64.9,11,3,1183457,0.444
70.62,8.02,90.8,21,3,1275339,0.435
97.12,8.23,77.6,12,4,1596235,0.411
99.9,8.71,78.7,8,4,1642291,0.479
94.84,9.74,89.9,18,4,1680596,0.495
91.73,6.96,99.0,5,3,1155640,0.542
80.49,9.54,73.6,2,3,1145788,0.505
81.97,5.74,66.6,0,3,1217563,0.449
68.32,6.67,90.6,33,2,868538,0.573
92.41,8.58,76.8,13,4,1557733,0.421
83.37,9.9,75.4,8,4,1582490,0.392
99.9,7.26,94.6,3,4,1481450,0.435
72.56,7.37,85.7,5,3,1273346,0.402
99.9,8.32,72.4,4,4,1610609,0.437
81.28,8.35,71.3,8,3,1272509,0.459
77.67,7.51,76.7,8,3,1231404,0.436
79.2,7.48,79.6,0,3,1285777,0.46
77.69,6.35,81.6,1,3,1350300,0.414
59.94,8.54,76.2,11,2,927574,0.479
92.67,8.13,82.7,16,4,1577681,0.427
94.29,6.29,96.1,2,3,1191170,0.555
99.9,7.59,85.1,4,4,1514044,0.404
93.46,9.14,84.8,15,4,1609137,0.447
92.87,9.5,87.7,1,4,1625266,0.453
64.86,9.61,60.0,11,3,1289861,0.348
87.2,8.5,99.0,0,4,1614031,0.4
71.4,8.96,93.9,11,3,1188974,0.456
81.65,7.83,83.1,30,3,1212345,0.499
99.9,6.84,92.9,4,4,1572520,0.427
85.39,8.94,81.0,1,4,1629986,0.327
53.64,5.98,73.4,7,1,509955,0.577
72.98,7.76,91.8,0,3,1216085,0.452
78.19,7.96,87.6,13,3,1243666,0.452
82.29,8.15,99.0,17,3,1202156,0.477
96.26,7.08,79.8,25,4,1643115,0.442
95.04,7.71,79.1,3,4,1642219,0.401
94.75,9.64,72.8,0,4,1615548,0.422
87.79,9.45,86.9,0,4,1594358,0.414
81.46,8.79,92.7,18,3,1223284,0.5
80.66,7.35,67.9,5,3,1231776,0.412
90.19,8.85,88.8,3,4,1565124,0.392
96.21,8.47,81.9,5,4,1502054,0.398
99.9,9.26,87.6,9,4,1582308,0.492
86.12,6.03,94.4,20,3,1322610,0.483
88.54,6.66,75.5,3,3,1288886,0.503
99.9,8.36,70.2,1,4,1530326,0.442
71.96,7.34,87.1,27,3,1224466,0.43
94.85,6.25,72.0,5,3,1343564,0.56
75.54,8.71,72.0,4,3,1379507,0.45
99.9,8.24,68.9,2,4,1612766,0.45
99.9,5.5,99.0,11,4,1617796,0.407
99.9,8.97,60.0,6,4,1622811,0.428
99.9,8.57,91.9,20,4,1627517,0.458
95.09,7.56,85.5,1,4,1563140,0.418
72.72,7.77,92.9,40,3,1262209,0.431
90.94,9.33,89.4,5,4,1659608,0.41
95.75,7.17,92.3,19,4,1638710,0.431
90.73,7.85,79.2,10,4,1601107,0.375
83.63,8.84,81.2,1,3,1190802,0.495
86.88,8.38,84.9,12,4,1604690,0.426
89.65,8.88,99.0,7,4,1663176,0.397
72.69,9.46,77.3,1,3,1247886,0.425
93.15,7.05,74.5,10,4,1563853,0.379
91.66,8.67,73.2,7,4,1478714,0.41
83.42,8.15,69.0,11,3,1263524,0.455
93.01,8.75,78.0,29,4,1651522,0.431
98.96,8.89,66.3,1,4,1587342,0.425
72.8,6.29,86.5,4,2,961088,0.546
99.9,6.38,70.5,0,4,1566566,0.393
97.2,9.37,77.8,4,4,1582625,0.449
97.07,7.98,75.3,17,4,1657984,0.428
96.97,7.97,96.5,18,4,1632682,0.48
93.57,7.73,98.9,7,4,1649677,0.444
85.01,8.72,86.9,4,3,1242686,0.521
76.2,8.19,81.6,6,3,1109457,0.455
91.15,7.4,87.3,7,4,1623524,0.376
86.59,9.9,95.9,7,4,1623736,0.434
76.68,7.35,64.4,4,3,1261504,0.406
99.9,9.14,97.2,17,4,1702421,0.484
95.09,8.17,70.7,28,4,1523733,0.422
81.27,8.09,92.9,7,3,1250854,0.513
66.11,9.43,72.3,29,3,1226204,0.424
74.94,7.28,88.5,14,3,1285255,0.427
90.86,8.76,89.7,58,4,1676447,0.449
81.91,9.59,86.5,29,4,1591761,0.378
69.19,7.69,78.0,2,2,890177,0.523
88.2,6.44,77.0,4,3,1245736,0.483
83.1,7.34,71.3,5,3,1155616,0.481
80.17,8.14,91.0,1,3,1276615,0.464
70.06,7.49,99.0,6,2,841176,0.554
89.02,8.61,88.8,20,4,1618370,0.415
72.13,6.08,60.0,8,2,801541,0.487
82.45,5.95,69.9,0,3,1227238,0.389
98.93,6.68,85.2,36,4,1613382,0.444
99.9,8.25,98.7,16,4,1494541,0.469
83.46,8.0,82.8,15,3,1266708,0.519
48.05,7.59,75.1,3,1,543383,0.546
94.06,6.58,91.0,1,3,1248063,0.557
73.85,6.98,84.5,21,3,1259318,0.42
68.28,8.14,86.9,53,3,1303844,0.451
93.88,8.38,93.3,7,4,1601006,0.404
62.8,7.85,83.2,2,2,861514,0.522
93.55,8.47,91.3,6,4,1483202,0.45
95.86,6.1,78.8,22,3,1266479,0.535
91.03,8.65,85.7,14,4,1635990,0.387
87.51,6.44,76.1,4,3,1313005,0.471
83.65,8.02,79.6,7,3,1175112,0.516
79.19,5.5,71.8,20,2,860416,0.534
72.02,8.52,78.1,24,3,1214160,0.442
99.9,6.37,74.3,5,4,1605354,0.394
79.66,9.4,99.0,0,3,1327941,0.519
73.92,7.3,77.0,3,3,1242719,0.422
83.88,9.15,71.7,3,4,1589655,0.346
91.93,9.43,90.4,10,4,1585935,0.462
97.25,5.5,92.4,4,3,1356837,0.553
82.26,8.68,75.7,1,3,1284300,0.488
82.72,6.46,89.1,14,3,1273384,0.473
75.39,7.52,87.4,51,3,1323223,0.437
81.93,5.92,65.1,13,3,1227804,0.44
95.38,9.35,69.0,4,4,1662377,0.498
84.25,9.9,65.3,24,4,1608833,0.401
80.59,8.7,86.0,14,3,1330950,0.48
87.05,7.56,90.9,28,3,1285876,0.519
75.62,7.83,89.0,4,3,1299601,0.48
59.11,7.42,87.8,2,2,923174,0.485
79.16,6.06,87.4,3,3,1169562,0.438
49.13,7.06,79.6,2,1,611222,0.528
81.83,8.96,72.7,51,3,1252257,0.539
89.94,7.4,93.6,4,3,1189717,0.547
96.85,7.39,86.1,9,4,1702516,0.387
91.36,6.14,80.8,12,3,1251234,0.483
85.44,8.2,70.2,19,3,1246201,0.519
72.69,8.5,93.4,2,3,1224501,0.439
71.81,5.5,75.8,8,2,890717,0.498
82.48,8.15,83.2,1,3,1162560,0.484
74.62,7.78,82.2,0,3,1289185,0.42
73.45,7.9,87.2,13,3,1214222,0.43
85.54,7.17,63.0,11,3,1265175,0.482
74.78,7.27,92.0,0,3,1230739,0.433
63.2,6.95,99.0,0,2,942835,0.47
82.38,6.8,95.2,23,3,1265286,0.46
73.6,7.85,94.6,13,3,1256116,0.429
91.21,6.27,99.0,3,3,1310794,0.493
99.9,6.87,80.7,31,4,1583366,0.432
94.12,9.22,81.9,4,4,1641589,0.46
90.24,7.84,87.0,2,4,1545806,0.38
99.9,7.31,91.9,6,4,1563370,0.444
73.23,9.9,64.4,6,3,1260913,0.48
78.08,7.85,91.2,2,3,1301876,0.477
87.23,6.71,98.2,3,3,1273279,0.483
80.25,7.61,69.2,8,3,1184810,0.438
86.74,8.19,98.5,5,3,1264224,0.511
80.46,7.72,74.4,17,3,1222909,0.442
81.85,7.99,84.8,2,3,1290744,0.503
79.87,6.85,85.3,23,3,1320400,0.428
93.93,8.87,73.0,10,4,1609938,0.417
82.77,5.65,70.3,26,3,1218884,0.447
69.27,7.13,99.0,5,2,892489,0.565
83.54,6.73,73.8,0,3,1278066,0.438
77.69,8.46,79.7,8,3,1211632,0.47
99.9,9.4,99.0,21,4,1617126,0.494
89.35,9.12,85.6,1,4,1600522,0.423
99.9,7.59,71.4,12,4,1563697,0.466
86.33,9.65,68.0,10,4,1672886,0.352
96.05,7.67,99.0,0,4,1617046,0.397
94.18,7.43,87.2,4,4,1665698,0.412
91.7,8.08,61.8,1,4,1579766,0.352
64.12,8.75,67.0,21,2,959656,0.56
87.4,6.99,82.2,7,3,1248140,0.512
99.9,8.59,82.4,30,4,1546478,0.479
85.16,7.12,97.3,10,3,1211877,0.48
99.04,6.95,78.0,12,4,1703597,0.389
79.24,7.81,73.2,1,3,1174905,0.48
81.32,5.52,89.5,12,3,1271721,0.447
93.26,6.0,79.1,2,3,1317743,0.538
68.04,5.87,86.9,20,2,939655,0.471
99.9,5.58,86.5,7,4,1624689,0.392
81.7,9.33,94.4,28,3,1207652,0.535
99.9,8.76,85.6,9,4,1551322,0.473
77.82,8.45,82.9,29,3,1224673,0.487
94.02,7.78,77.7,10,4,1634916,0.389
80.01,8.24,95.8,2,3,1243292,0.466
66.54,8.41,98.7,8,2,916587,0.554
79.92,6.82,81.8,10,3,1254898,0.483
83.64,8.06,86.8,8,3,1164824,0.504
90.76,5.5,65.1,7,3,1248939,0.485
75.52,9.29,94.7,21,3,1206302,0.496
91.24,7.89,96.7,0,4,1608114,0.374
81.89,7.39,73.2,1,3,1160671,0.446
61.25,6.95,90.8,2,2,902738,0.496
96.81,5.5,88.4,10,3,1258248,0.556
97.94,7.2,83.9,0,4,1579439,0.413
80.71,8.51,82.2,5,3,1227175,0.489
82.75,8.16,97.5,3,3,1201962,0.49
78.71,6.02,70.0,40,3,1242926,0.436
89.57,8.34,75.0,11,4,1550854,0.393
77.92,9.47,81.5,2,3,1242410,0.458
94.98,8.8,68.2,14,4,1621918,0.429
83.27,9.38,84.0,1,4,1581092,0.335
69.42,8.67,75.4,0,3,1312247,0.412
93.24,8.95,78.4,1,4,1533435,0.404
90.65,6.35,71.5,7,3,1205106,0.481
62.83,6.97,75.8,3,2,968786,0.465
87.23,5.5,80.1,8,3,1321696,0.463
91.73,8.82,84.7,6,4,1555293,0.406
83.88,8.14,81.0,2,3,1293977,0.485
79.25,8.13,74.2,30,3,1275455,0.486
99.74,7.15,99.0,6,4,1584340,0.48
77.06,8.3,93.0,0,3,1220172,0.456
99.9,6.7,85.7,10,4,1684656,0.436
76.34,7.24,94.0,3,3,1221179,0.413
96.28,5.85,71.8,8,3,1175988,0.544
99.9,7.58,68.8,11,4,1597375,0.45
69.61,6.5,68.9,14,2,910402,0.509
90.73,8.22,75.3,14,4,1539602,0.388
76.35,9.24,85.1,4,3,1251518,0.476
94.62,6.04,89.7,17,3,1265940,0.532
99.9,6.87,78.6,4,4,1642344,0.407
99.9,8.04,85.6,7,4,1609797,0.439
97.32,7.1,83.4,35,4,1652697,0.44
81.02,8.18,79.7,1,3,1255991,0.484
93.67,7.9,88.6,4,4,1688923,0.39
99.9,6.41,94.0,4,4,1604712,0.442
99.9,8.5,63.9,59,4,1587872,0.499
99.9,6.23,83.0,0,4,1618839,0.392
98.98,9.9,65.3,8,4,1673912,0.465
70.9,8.25,91.8,13,3,1259347,0.444
81.95,7.82,91.7,25,3,1288959,0.512
93.78,7.37,68.5,6,4,1574434,0.354
74.03,8.19,86.2,8,3,1303863,0.444
93.59,8.68,71.5,43,4,1689624,0.431
62.18,8.27,84.1,7,2,885821,0.531
84.43,5.5,75.0,15,3,1186437,0.454
92.41,6.44,93.7,11,3,1268834,0.537
63.05,7.83,82.5,2,2,880417,0.479
91.98,7.59,90.0,10,4,1607328,0.406
96.25,7.93,84.4,1,4,1710629,0.403
96.63,6.32,90.1,11,4,1575910,0.393
65.75,5.64,89.0,2,2,923403,0.457
68.37,8.38,84.9,1,3,1259798,0.415
99.24,8.85,68.4,10,4,1627769,0.427
99.26,5.5,76.0,0,4,1577328,0.399
72.93,8.96,76.4,2,3,1262495,0.441
69.67,8.67,84.4,5,3,1233318,0.421
97.24,7.74,83.1,11,4,1646023,0.408
62.18,8.25,62.2,9,2,949663,0.499
93.61,6.78,94.5,3,3,1237920,0.544
65.86,7.69,84.5,19,2,914377,0.522
68.4,7.32,72.8,3,2,920755,0.534
86.7,5.5,92.9,16,3,1246866,0.479
93.54,6.18,71.5,3,3,1246306,0.505
93.87,7.57,87.9,3,4,1668819,0.412
87.2,8.23,83.1,0,3,1267100,0.506
75.04,8.64,84.2,8,3,1245111,0.459
75.72,7.42,89.9,19,3,1214114,0.479
88.2,7.71,93.0,34,3,1220055,0.573
93.57,5.65,71.6,0,3,1175838,0.48
74.55,6.74,69.3,19,3,1251835,0.387
76.94,5.5,93.1,1,2,878729,0.552
77.97,9.9,77.7,1,3,1300834,0.523
85.77,5.5,79.6,3,3,1240100,0.494
73.8,7.22,84.2,1,3,1186022,0.432
84.91,8.56,76.1,5,3,1245329,0.552
87.57,9.29,74.4,7,4,1644404,0.373
91.21,6.11,80.7,7,3,1261761,0.524
90.53,7.14,72.6,30,3,1287227,0.536
70.03,7.51,70.9,9,2,923406,0.554
85.79,8.09,84.2,0,3,1248644,0.5
90.39,6.71,86.1,16,3,1203282,0.53
76.8,7.33,90.9,3,3,1267803,0.442
80.33,7.99,91.9,8,3,1303373,0.468
99.9,5.78,92.6,20,4,1611552,0.426
61.4,9.9,71.9,7,3,1200027,0.377
99.9,9.14,76.2,3,4,1647275,0.443
99.68,5.76,96.0,19,4,1604757,0.438
81.41,7.35,81.9,5,3,1258656,0.452
99.9,7.14,90.3,35,4,1575344,0.479
73.51,9.84,72.5,13,3,1249062,0.453
91.36,8.57,81.9,6,4,1576543,0.384
68.37,7.43,80.4,7,2,875148,0.561
99.9,7.88,80.2,12,4,1628913,0.421
77.4,7.55,93.8,21,3,1153312,0.47
95.49,7.79,70.9,17,4,1681128,0.411
87.66,8.96,90.0,21,4,1526706,0.403
80.66,8.82,72.7,9,3,1307903,0.474
78.63,5.89,81.1,4,3,1246333,0.449
99.9,8.73,84.1,17,4,1549514,0.476
77.1,6.19,89.9,5,3,1266963,0.403
91.55,8.19,92.2,6,4,1637087,0.418
93.35,5.96,83.0,10,3,1195070,0.5
99.01,6.88,86.3,50,4,1598947,0.469
98.49,9.25,93.5,4,4,1639728,0.468
71.95,7.16,60.0,25,2,994939,0.538
85.11,8.6,68.0,0,3,1178224,0.509
93.32,8.2,73.5,5,4,1609633,0.398
88.95,6.68,98.5,16,3,1356983,0.541
76.96,5.5,80.7,24,2,868718,0.563
79.65,7.97,69.3,11,3,1201578,0.444
84.57,8.36,83.8,3,3,1254210,0.489
71.64,7.67,82.6,21,3,1245911,0.406
84.78,7.85,88.0,2,3,1207097,0.457
92.31,7.01,89.8,4,3,1269946,0.5
91.75,8.17,88.3,15,4,1669282,0.376
91.35,5.93,76.6,2,3,1284197,0.507
74.48,8.77,70.6,46,3,1248123,0.456
65.6,8.8,94.3,20,3,1238261,0.409
89.31,7.76,88.4,5,3,1277112,0.544
76.56,7.4,81.4,10,3,1194778,0.431
89.86,6.68,89.2,31,3,1261318,0.542
99.9,6.87,70.7,57,4,1538349,0.487
87.5,7.12,83.9,5,3,1249803,0.499
82.47,8.01,88.3,16,3,1257720,0.49
76.28,8.11,79.5,14,3,1172173,0.448
73.79,9.04,87.3,5,3,1303315,0.473
99.9,6.01,75.7,5,4,1645686,0.389
55.88,6.83,88.4,1,2,893158,0.42
82.85,8.23,99.0,2,3,1311968,0.514
99.42,6.16,84.0,21,4,1630128,0.406
72.93,8.47,60.0,33,3,1205061,0.431
84.3,8.27,77.7,35,3,1351099,0.561
81.81,5.91,74.3,12,3,1236941,0.445
91.96,8.98,86.6,16,4,1584998,0.395
99.9,9.12,87.6,19,4,1602495,0.495
79.85,8.53,85.1,7,3,1216076,0.474
72.99,5.5,71.4,8,2,866766,0.509
77.28,7.6,79.9,13,3,1267371,0.468
99.9,9.27,85.2,5,4,1596162,0.492
99.9,8.51,84.7,0,4,1700504,0.467
90.14,6.62,60.0,17,3,1257447,0.474
92.45,7.39,64.4,20,4,1596486,0.391
77.51,8.35,98.9,0,3,1336303,0.452
97.23,9.9,80.8,8,4,1566998,0.466
82.04,8.15,84.2,10,3,1290703,0.488
74.89,7.08,84.0,0,3,1308442,0.44
88.06,6.58,91.2,16,3,1215280,0.526
81.43,8.84,83.8,26,3,1257068,0.494
87.63,8.93,69.4,27,4,1562004,0.359
84.68,6.96,72.5,0,3,1286400,0.452
89.26,8.94,84.7,3,4,1644088,0.404
86.57,8.31,72.2,9,3,1227228,0.535
99.9,9.9,63.5,0,4,1551304,0.469
94.03,8.13,99.0,5,4,1550367,0.42
81.07,8.79,63.7,13,3,1237601,0.472
91.44,6.31,81.5,11,3,1365823,0.497
78.06,7.78,81.4,7,3,1234334,0.49
84.98,6.87,76.4,4,3,1233834,0.482
72.98,7.64,90.5,8,3,1241303,0.441
72.76,8.12,88.5,0,3,1247113,0.426
86.78,8.04,77.1,13,3,1206201,0.522
68.14,9.39,89.2,7,3,1240039,0.427
86.73,7.5,64.0,1,3,1328617,0.503
80.48,7.94,76.4,3,3,1252401,0.43
85.62,7.4,76.6,6,3,1232282,0.469
93.64,7.23,77.1,8,4,1552074,0.41
97.14,9.6,76.8,0,4,1540485,0.453
89.97,7.11,95.3,6,3,1233531,0.554
74.63,5.5,84.4,4,2,946082,0.496
92.7,6.15,99.0,7,3,1274739,0.51
99.9,9.25,71.9,16,4,1593455,0.45
88.86,9.9,76.8,12,4,1595878,0.417
62.45,8.49,71.3,16,2,983278,0.519
70.01,9.9,73.7,5,3,1203617,0.435
89.06,7.89,92.1,18,4,1520745,0.385
81.41,6.99,89.4,1,3,1191019,0.485
99.9,7.53,86.9,5,4,1534116,0.458
79.24,8.17,62.1,9,3,1280728,0.445
82.27,9.9,83.5,22,4,1682659,0.334
91.67,9.73,82.6,16,4,1603290,0.438
56.36,7.16,99.0,17,2,918124,0.467
95.64,7.47,81.1,9,4,1634185,0.383
82.01,7.69,77.5,8,3,1198998,0.468
68.07,7.72,86.3,0,2,875676,0.518
80.06,7.91,75.1,35,3,1311931,0.516
99.03,6.84,79.7,0,4,1646966,0.396
88.44,7.49,68.0,0,3,1249861,0.517
52.16,8.97,68.9,17,2,845463,0.466
90.45,6.65,82.4,11,3,1263735,0.516
81.29,7.98,97.5,18,3,1182258,0.506
87.57,6.88,72.6,10,3,1316880,0.517
69.67,5.61,84.0,6,2,890933,0.52
97.0,7.38,84.7,6,4,1541906,0.43
96.83,9.9,83.1,4,4,1617410,0.522
86.73,7.29,63.8,4,3,1279973,0.49
85.17,7.86,76.5,9,3,1286613,0.512
98.62,7.7,86.2,2,4,1593430,0.415
90.88,8.52,99.0,4,4,1549922,0.387
81.92,6.04,68.9,3,3,1198125,0.426
82.86,8.63,95.4,11,3,1269068,0.5
90.69,8.3,69.8,4,4,1609155,0.378
99.9,7.63,88.2,3,4,1559981,0.421
79.45,8.68,67.7,22,3,1243178,0.47
79.85,7.4,92.2,1,3,1271690,0.426
94.72,6.89,90.6,3,4,1545752,0.393
78.76,6.88,84.8,33,3,1153785,0.459
73.96,6.74,80.7,36,2,919434,0.607
72.43,8.63,78.5,5,3,1265027,0.437
99.9,9.44,75.6,1,4,1530857,0.49
74.81,6.57,74.8,28,2,807431,0.558
82.29,7.12,80.3,0,3,1368153,0.484
67.2,7.36,88.2,4,2,879425,0.544
84.11,9.9,67.5,6,4,1533926,0.34
80.22,8.42,71.8,6,3,1117863,0.445
82.99,8.66,80.2,53,3,1272188,0.531
79.96,6.83,80.3,10,3,1385505,0.44
85.46,8.79,86.6,1,4,1644232,0.397
82.85,6.92,91.3,7,3,1316699,0.476
82.57,6.93,79.7,1,3,1175331,0.453
76.69,5.5,91.8,1,2,950696,0.588
76.93,9.37,81.5,13,3,1253343,0.48
95.25,8.69,60.0,28,4,1574587,0.451
83.51,8.25,76.5,11,3,1257907,0.52
99.31,9.4,75.4,25,4,1582890,0.466
79.93,6.63,83.6,10,3,1255884,0.442
78.25,8.77,77.3,6,3,1222754,0.476
97.77,7.26,91.1,4,4,1595067,0.394
83.3,9.2,74.3,7,3,1364014,0.515
81.53,9.76,82.3,28,4,1579659,0.404
80.84,7.27,60.0,10,3,1316589,0.445
99.9,7.27,90.0,19,4,1634752,0.459
85.68,7.89,70.5,3,3,1265218,0.48
92.83,8.25,80.7,19,4,1675712,0.43
98.19,8.31,94.8,33,4,1660170,0.486
90.25,7.75,71.8,3,4,1521499,0.385
72.4,8.14,92.3,1,3,1321408,0.42
89.63,9.9,86.1,0,4,1523852,0.418
99.9,7.74,82.4,1,4,1641704,0.412
95.56,7.32,75.9,3,4,1642056,0.429
87.85,8.24,86.6,0,4,1614468,0.331
78.96,8.06,99.0,35,3,1222859,0.515
96.11,6.73,82.9,21,4,1614935,0.409
63.01,7.63,74.9,9,2,853734,0.5
98.12,8.15,60.0,7,4,1587571,0.406
99.9,8.56,73.9,3,4,1655241,0.434
74.68,7.96,90.5,10,3,1334751,0.412
86.31,8.17,99.0,8,3,1266333,0.522
63.72,7.61,82.4,18,2,840904,0.498
84.42,7.59,73.3,16,3,1299498,0.495
77.9,7.81,86.1,12,3,1375846,0.446
69.28,6.64,93.0,2,2,928152,0.539
88.23,5.5,93.1,12,3,1223232,0.453
99.9,6.36,99.0,27,4,1634220,0.44
96.51,6.44,85.5,13,4,1557949,0.415
80.19,9.41,70.1,14,3,1304788,0.494
99.9,7.37,70.3,9,4,1624056,0.396
96.23,7.88,70.2,15,4,1592648,0.406
99.9,8.42,77.3,1,4,1603262,0.443
81.81,9.58,85.8,12,4,1666978,0.397
96.67,9.9,83.6,1,4,1551339,0.47
99.9,8.63,86.6,5,4,1593789,0.465
62.38,7.39,87.8,14,2,990616,0.472
94.21,5.76,90.1,5,3,1307816,0.521
72.14,8.82,83.7,5,3,1331930,0.426
77.62,8.04,69.7,1,3,1185851,0.455
86.03,6.46,76.5,28,3,1235885,0.477
89.17,7.07,62.5,1,3,1222521,0.493
99.9,5.5,90.9,3,4,1719874,0.398
87.51,6.93,79.3,1,3,1269639,0.515
85.17,9.47,94.5,17,4,1532297,0.385
77.39,9.31,96.0,3,3,1288855,0.488
72.38,8.15,75.0,13,3,1247171,0.417
71.26,7.34,89.1,8,2,824094,0.592
95.39,8.02,73.0,15,4,1685227,0.412
74.74,8.24,99.0,10,3,1300686,0.434
99.9,6.31,92.4,8,4,1686557,0.408
92.8,7.17,91.4,2,4,1573872,0.389
99.9,9.9,99.0,13,4,1635539,0.508
83.08,6.56,75.9,4,3,1236033,0.464
99.9,6.62,91.2,14,4,1547117,0.407
81.01,8.06,84.0,19,3,1245860,0.47
85.15,7.92,98.7,3,3,1198881,0.507
67.7,8.15,86.7,17,2,893657,0.574
68.6,9.9,73.5,21,3,1277245,0.413
77.49,6.27,86.5,9,3,1300071,0.416
90.26,6.45,60.0,4,3,1264529,0.494
89.58,6.04,92.1,24,3,1283203,0.518
94.26,8.37,78.9,15,4,1531475,0.435
88.27,9.9,75.4,8,4,1631753,0.433
65.57,7.56,97.2,5,2,892096,0.538
78.64,7.81,98.3,17,3,1224773,0.423
79.72,6.59,75.4,43,3,1290616,0.442
90.66,8.34,79.1,19,4,1579264,0.403
94.82,8.05,79.3,26,4,1657599,0.398
76.25,8.35,66.3,0,3,1190996,0.409
67.21,9.9,75.7,3,3,1277949,0.411
90.53,6.11,72.3,1,3,1215573,0.501
99.9,8.66,75.7,3,4,1628120,0.438
99.9,8.54,86.8,16,4,1606775,0.495
80.98,6.28,66.7,10,3,1265800,0.442
82.73,8.37,71.2,34,3,1197652,0.506
77.7,7.31,82.7,1,3,1230430,0.447
99.9,7.69,60.1,7,4,1599813,0.412
83.17,8.02,77.5,1,3,1249862,0.474
93.48,7.34,94.1,6,4,1674592,0.414
85.45,5.68,76.3,1,3,1334889,0.454
96.09,7.93,70.4,3,4,1604293,0.412
99.9,9.33,82.5,5,4,1590119,0.509
83.11,8.78,75.2,16,3,1260438,0.506
88.14,7.88,66.9,3,3,1296902,0.5
84.71,7.62,72.7,19,3,1264133,0.49
83.07,7.99,87.6,4,3,1251152,0.473
76.73,9.15,92.8,28,3,1322654,0.484
70.05,5.5,65.5,13,2,854050,0.51
55.05,9.63,78.2,4,2,881987,0.504
85.05,6.94,80.7,1,3,1252155,0.469
83.26,6.15,79.0,6,3,1274393,0.416
94.51,9.22,82.6,19,4,1493707,0.441
81.38,9.59,82.9,1,3,1300202,0.5
63.86,6.13,69.5,2,2,848290,0.466
93.03,7.14,92.0,11,4,1588703,0.435
99.9,7.82,73.1,2,4,1614867,0.475
79.98,7.91,85.9,5,3,1246081,0.482
94.56,7.19,99.0,17,4,1647470,0.414
98.3,8.01,88.4,4,4,1579737,0.409
72.04,7.94,88.8,0,3,1307540,0.416
73.55,8.7,85.2,14,3,1185252,0.437
91.37,9.15,82.9,24,4,1654852,0.454
76.55,6.37,92.2,3,3,1350493,0.413
68.15,9.4,73.8,46,3,1184644,0.431
88.41,8.34,66.9,1,4,1624220,0.354
99.9,5.56,72.1,1,4,1624633,0.344
65.96,8.37,75.4,16,2,806124,0.547
74.33,8.71,63.7,5,3,1247510,0.412
90.43,5.5,76.4,3,3,1228322,0.47
77.26,6.51,91.3,12,3,1227037,0.442
79.41,8.63,68.7,3,3,1281859,0.45
81.66,7.73,92.9,13,3,1194819,0.462
79.58,8.65,82.7,1,3,1198135,0.466
81.59,7.67,72.4,13,3,1210031,0.467
77.34,8.23,83.3,8,3,1238799,0.457
94.28,9.06,81.3,9,4,1686952,0.44
79.68,8.06,82.8,0,3,1311114,0.433
76.49,7.95,66.4,1,3,1264967,0.438
87.16,9.55,84.2,26,4,1575379,0.419
93.19,9.39,83.8,5,4,1559509,0.426
88.82,7.96,88.3,4,4,1660805,0.351
90.73,9.8,69.4,14,4,1656451,0.457
99.9,9.0,66.9,10,4,1644481,0.459
60.22,6.11,69.8,19,2,925121,0.451
70.1,7.88,61.6,7,3,1253122,0.377
73.19,7.45,91.5,1,3,1227907,0.418
69.41,9.8,80.6,7,3,1279641,0.432
86.15,9.3,95.9,14,4,1671991,0.423
85.35,6.68,88.4,23,3,1338508,0.483
98.81,8.31,76.8,10,4,1547541,0.44
82.87,8.38,62.4,4,3,1165545,0.518
70.41,6.09,88.3,1,2,785690,0.478
99.9,7.53,88.7,7,4,1613067,0.456
99.82,6.96,85.0,11,4,1659970,0.433
88.55,5.5,88.5,18,3,1301159,0.479
99.9,6.33,99.0,9,4,1610587,0.445
99.9,9.59,93.5,35,4,1577690,0.549
78.2,8.77,74.0,60,3,1191837,0.535
77.86,9.5,93.7,41,3,1236346,0.513
95.64,7.24,73.7,4,4,1631483,0.386
81.55,9.78,75.9,0,4,1614377,0.361
95.52,6.42,80.3,47,4,1639540,0.45
95.13,9.44,95.8,0,4,1589636,0.459
78.96,8.82,86.6,5,3,1380228,0.497
98.46,7.81,77.3,2,4,1577429,0.413
95.19,6.45,99.0,17,4,1670884,0.409
82.11,8.39,90.5,11,3,1236787,0.513
99.34,7.54,79.2,32,4,1510344,0.444
99.9,7.21,90.7,5,4,1630245,0.423
94.89,6.52,85.2,0,4,1633115,0.377
68.77,8.68,82.5,11,3,1231942,0.405
82.08,7.04,74.6,11,3,1259559,0.44
80.16,9.9,87.4,9,3,1139239,0.506
76.19,7.82,88.8,15,3,1246453,0.439
92.55,7.72,99.0,8,4,1630973,0.431
99.9,7.64,70.7,5,4,1695554,0.428
88.15,9.9,83.6,6,4,1667415,0.435
73.51,9.01,92.2,27,3,1243006,0.45
91.84,6.6,91.3,19,3,1252032,0.575
71.02,9.9,70.0,1,3,1283243,0.439
96.14,8.99,82.5,2,4,1614282,0.414
88.2,6.57,92.0,3,3,1298743,0.504
78.96,6.97,83.4,6,3,1246619,0.427
75.97,8.35,99.0,20,3,1208478,0.477
90.47,7.3,73.8,15,3,1332953,0.499
99.52,9.9,72.9,5,4,1615073,0.517
99.9,7.4,90.1,7,4,1665837,0.431
87.16,9.05,88.6,10,4,1547110,0.419
88.89,6.32,82.6,18,3,1181511,0.516
82.93,7.57,87.9,4,3,1318429,0.464
73.99,9.22,79.0,5,3,1308171,0.448
75.4,6.78,85.3,6,3,1263174,0.427
99.9,7.93,66.5,13,4,1651305,0.464
76.67,8.43,97.4,2,3,1315974,0.482
99.9,7.47,70.9,3,4,1587724,0.386
78.04,7.77,87.1,19,3,1200942,0.465
65.36,7.23,78.4,23,2,866738,0.503
78.08,6.65,80.9,29,3,1271163,0.45
88.93,7.19,99.0,9,3,1198240,0.489
83.0,7.72,99.0,4,3,1228014,0.514
91.39,8.03,76.7,24,4,1705994,0.423
99.9,7.31,79.5,3,4,1635147,0.406
88.71,8.66,94.3,5,4,1643425,0.375
84.88,9.9,74.3,9,4,1599266,0.343
79.08,7.69,60.0,17,3,1197342,0.439
82.33,5.9,74.7,15,3,1201704,0.392
99.9,6.34,75.4,12,4,1668837,0.429
99.01,9.26,99.0,23,4,1619302,0.461
99.9,9.44,70.1,9,4,1619223,0.461
88.05,8.86,91.9,2,4,1531910,0.367
77.66,7.99,78.3,4,3,1344388,0.418
85.94,7.63,99.0,8,3,1182379,0.494
82.29,7.66,95.9,5,3,1244836,0.505
99.9,9.9,94.6,1,4,1649684,0.458
94.25,6.76,86.5,2,4,1617860,0.401
62.87,7.12,76.7,9,2,884209,0.504
71.11,8.65,61.9,4,3,1257748,0.391
81.79,9.18,91.1,11,3,1225893,0.519
99.9,7.7,86.2,5,4,1616053,0.444
77.0,7.17,90.2,25,3,1273285,0.466
87.15,7.69,99.0,9,3,1210578,0.525
89.98,6.51,75.2,16,3,1289610,0.517
91.52,8.93,85.5,15,4,1578156,0.419
92.42,7.58,78.2,1,4,1515244,0.414
78.4,8.15,82.7,2,3,1227129,0.478
96.77,7.38,86.3,9,4,1555815,0.376
77.42,8.45,72.2,4,3,1268637,0.466
96.12,7.24,80.4,16,4,1516959,0.417
80.84,7.51,74.6,40,3,1226527,0.472
79.63,6.97,82.9,9,3,1250727,0.429
84.21,8.37,97.4,0,3,1192423,0.478
75.15,9.24,74.0,3,3,1275197,0.463
90.2,8.08,87.5,5,4,1593862,0.39
99.9,7.78,96.5,22,4,1619643,0.516
58.49,7.09,84.0,44,2,836489,0.502
89.42,6.22,66.5,2,3,1213291,0.455
56.77,5.82,85.1,60,1,562776,0.629
89.97,7.59,80.1,0,3,1160885,0.545
59.83,7.18,60.8,8,2,957877,0.438
76.78,6.16,81.8,3,3,1190700,0.406
87.01,7.83,84.5,45,3,1252523,0.547
68.68,6.5,84.6,33,2,890385,0.56
86.48,9.34,82.5,3,4,1658810,0.412
92.74,8.54,74.4,23,4,1634379,0.427
94.45,8.2,92.0,35,4,1619041,0.487
69.15,6.25,78.3,5,2,892268,0.515
94.25,7.4,88.5,5,4,1675795,0.388
78.65,6.95,84.1,18,3,1223777,0.452
91.37,7.71,73.3,12,4,1655367,0.393
98.28,6.94,95.5,8,4,1618406,0.39
78.43,6.26,95.6,5,3,1220533,0.453
90.49,6.2,85.0,10,3,1303634,0.501
76.14,7.64,99.0,24,3,1323778,0.459
71.3,5.93,99.0,0,2,937341,0.54
98.99,9.01,84.7,2,4,1594792,0.487
68.35,6.47,84.9,6,2,898562,0.485
98.99,7.83,84.9,4,4,1647277,0.447
97.05,7.78,80.4,0,4,1613574,0.425
69.98,8.26,80.0,10,3,1252356,0.392
79.06,8.62,99.0,20,3,1230640,0.492
84.35,6.12,71.7,22,3,1128946,0.443
69.52,8.68,81.4,2,3,1197200,0.387
85.04,6.01,80.2,12,3,1291823,0.469
78.08,8.45,70.2,0,3,1217301,0.427
81.58,8.77,73.3,2,3,1273428,0.492
69.13,6.13,91.8,21,2,868232,0.535
71.81,7.59,85.6,8,3,1281781,0.437
82.01,8.88,75.0,2,3,1162169,0.449
89.9,7.53,80.1,1,3,1235136,0.528
94.55,8.16,89.5,0,4,1560533,0.373
61.81,9.9,99.0,18,3,1256228,0.435
80.71,5.5,72.9,9,3,1303177,0.44
99.9,7.02,68.1,1,4,1656306,0.437
88.13,9.75,92.0,4,4,1678931,0.418
67.54,5.76,75.8,7,2,931693,0.473
76.39,8.44,91.4,12,3,1185232,0.454
88.31,8.44,72.2,4,4,1579360,0.371
95.69,9.9,69.6,40,4,1700111,0.473
99.16,7.69,74.3,6,4,1642726,0.416
99.9,8.68,95.6,21,4,1574020,0.482
90.18,9.48,99.0,0,4,1634854,0.441
94.23,5.5,86.4,29,3,1241483,0.545
99.9,8.53,76.0,43,4,1537924,0.469
99.9,9.18,87.5,3,4,1600469,0.48
84.82,8.1,92.6,16,3,1249092,0.509
88.03,6.8,78.4,3,3,1097806,0.458
99.9,9.24,82.2,2,4,1579741,0.433
88.63,7.78,89.8,24,3,1187963,0.528
76.39,8.23,88.4,14,3,1339383,0.485
91.56,6.78,81.7,9,3,1231661,0.526
80.5,5.74,94.5,10,3,1349244,0.43
97.07,8.26,80.9,17,4,1526652,0.415
79.37,9.34,81.3,4,3,1163683,0.468
99.9,6.07,99.0,1,4,1654676,0.462
84.5,6.93,84.1,39,3,1154735,0.502
85.28,7.17,86.5,4,3,1294815,0.468
88.7,5.54,83.6,14,3,1282671,0.489
67.93,7.62,99.0,12,2,851549,0.563
92.8,9.7,70.8,3,4,1547887,0.388
98.32,7.84,90.0,22,4,1616950,0.43
53.37,6.32,87.5,6,1,507836,0.568
82.81,8.38,67.9,7,3,1300753,0.478
87.06,8.1,75.6,15,3,1272645,0.492
82.88,8.05,80.8,5,3,1252300,0.501
93.75,7.72,79.0,10,4,1517584,0.366
80.66,6.85,76.8,10,3,1278111,0.456
83.18,6.66,78.2,8,3,1294981,0.471
85.05,9.26,99.0,38,4,1682732,0.407
92.69,8.67,81.8,23,4,1495252,0.436
73.63,6.74,79.6,5,2,856910,0.539
93.48,7.44,75.6,34,4,1647839,0.427
74.5,5.5,65.3,0,2,950901,0.517
95.09,7.71,92.7,36,4,1606021,0.482
81.35,8.48,88.0,5,3,1260046,0.456
63.2,7.45,73.2,0,2,1000065,0.475
89.08,9.51,78.1,6,4,1633752,0.402
80.35,5.62,68.1,0,3,1147587,0.421
94.43,7.86,69.2,1,4,1551283,0.362
92.46,5.71,69.1,11,3,1292041,0.488
97.86,8.67,91.1,4,4,1620354,0.405
91.85,6.52,66.7,2,3,1279853,0.467
96.93,8.37,82.9,27,4,1609992,0.476
97.52,6.67,71.1,16,4,1671594,0.378
98.36,5.87,62.5,14,4,1530615,0.372
71.77,8.46,89.5,3,3,1262726,0.436
94.1,7.61,91.8,11,4,1597955,0.388
99.9,7.47,97.2,0,4,1567354,0.458
78.88,9.08,78.3,12,3,1176748,0.509
92.49,7.68,74.9,1,4,1643397,0.384
99.9,8.52,85.0,26,4,1607634,0.497
94.49,5.5,83.6,12,3,1214300,0.531
76.91,8.31,98.5,12,3,1247548,0.498
82.88,7.68,88.3,2,3,1260092,0.513
99.9,7.13,67.6,14,4,1567761,0.444
74.69,6.76,92.4,20,3,1249127,0.428
96.04,5.68,91.7,7,3,1300740,0.515
97.69,9.73,82.0,31,4,1577851,0.44
92.05,8.4,84.5,0,4,1591346,0.385
93.61,6.54,99.0,45,3,1178936,0.579
88.28,8.43,98.1,4,4,1549100,0.378
89.73,6.01,69.4,60,3,1205723,0.486
87.23,8.03,99.0,13,3,1248819,0.541
87.0,8.35,82.8,0,4,1608956,0.349
67.64,7.57,78.9,17,2,970965,0.545
86.8,7.48,90.9,1,3,1223258,0.517
95.11,7.26,79.4,10,4,1555339,0.417
84.67,9.04,76.7,10,4,1616813,0.346
79.86,6.49,85.3,7,3,1299703,0.422
92.45,8.42,82.0,28,4,1580212,0.425
69.69,7.39,98.2,12,2,874206,0.52
58.77,9.74,81.8,31,2,1009144,0.534
87.34,6.64,95.9,3,3,1308874,0.529
75.86,7.76,87.2,8,3,1339383,0.456
68.54,8.47,62.6,10,3,1270534,0.39
81.23,8.04,82.5,28,3,1332407,0.493
81.83,7.21,60.0,5,3,1272500,0.426
99.08,8.8,80.3,27,4,1493524,0.537
86.84,6.57,89.3,9,3,1127170,0.497
94.81,9.09,87.3,2,4,1512889,0.437
95.11,9.3,85.0,39,4,1652006,0.476
89.26,8.85,94.2,7,4,1492356,0.409
90.67,6.25,81.6,2,3,1209844,0.502
80.64,7.26,89.6,5,3,1318765,0.455
82.39,7.25,75.7,6,3,1281865,0.452
88.91,8.22,82.8,3,4,1597317,0.389
88.2,7.58,82.2,5,3,1200053,0.524
99.9,7.4,77.9,12,4,1661010,0.43
90.75,8.25,90.4,31,4,1695463,0.435
77.47,8.48,76.6,3,3,1184152,0.455
71.99,9.1,81.0,16,3,1266305,0.447
67.78,6.83,92.4,60,2,868751,0.57
99.9,7.47,70.2,9,4,1517124,0.408
74.01,8.34,72.3,33,3,1295758,0.425
95.15,9.57,81.1,19,4,1608951,0.439
95.07,8.52,99.0,16,4,1522330,0.427
75.26,7.34,99.0,17,3,1311616,0.401
90.21,6.56,77.5,8,3,1260794,0.5
97.12,9.29,76.2,12,4,1668897,0.449
63.41,7.79,72.1,5,2,929085,0.472
92.57,8.18,92.3,6,4,1594150,0.418
99.75,9.45,82.6,5,4,1648804,0.459
83.71,7.67,81.2,9,3,1235638,0.479
78.73,7.33,62.9,13,3,1184460,0.462
79.54,7.25,77.8,4,3,1227031,0.462
54.78,8.62,85.0,1,2,871621,0.47
75.3,9.22,99.0,12,3,1229015,0.491
90.11,6.58,93.2,0,3,1249592,0.523
68.98,7.89,90.3,6,2,945060,0.562
84.26,6.81,78.2,1,3,1236675,0.443
96.07,6.47,93.9,12,4,1598662,0.401
82.91,8.15,93.1,31,3,1268644,0.461
95.81,8.7,85.6,4,4,1471137,0.437
70.75,9.76,99.0,22,3,1167316,0.491
81.09,8.73,91.8,4,3,1214788,0.515
99.9,8.59,90.8,12,4,1558364,0.451
74.52,8.41,75.6,8,3,1246325,0.425
83.54,7.63,83.5,14,3,1218425,0.485
99.9,7.7,81.1,3,4,1587144,0.408
92.9,7.46,72.1,11,4,1591443,0.388
86.73,8.67,83.6,37,4,1650756,0.371
67.06,6.62,71.1,32,2,902335,0.549
79.1,9.07,90.3,42,3,1202858,0.535
80.12,8.14,81.9,6,3,1258102,0.517
70.74,7.03,77.6,14,2,934142,0.553
75.1,7.5,60.0,7,3,1239589,0.366
90.48,7.7,76.6,7,4,1638046,0.394
74.9,8.72,85.9,7,3,1174407,0.435
88.3,5.72,74.1,21,3,1170042,0.497
65.2,7.36,75.0,0,2,889373,0.483
68.83,8.14,90.2,0,3,1308338,0.402
99.9,7.67,81.9,10,4,1586945,0.441
95.87,8.18,79.1,23,4,1669505,0.432
92.04,8.01,65.5,19,4,1577938,0.396
92.68,8.48,88.4,7,4,1578112,0.423
80.97,7.76,94.1,2,3,1265549,0.486
95.77,6.48,87.2,6,4,1558996,0.393
76.61,5.95,60.0,0,2,871965,0.527
94.79,6.38,82.0,10,3,1356862,0.546
77.89,6.41,81.5,6,3,1250161,0.441
93.48,7.16,89.5,23,4,1618135,0.403
90.9,7.58,87.7,4,4,1681942,0.377
90.0,7.26,79.5,5,3,1308032,0.501
65.75,6.59,86.1,5,2,851511,0.515
75.28,8.21,80.1,22,3,1349895,0.448
96.91,8.78,79.2,4,4,1570152,0.441
82.15,7.8,74.6,8,3,1156521,0.478
82.61,7.86,90.9,1,3,1233008,0.493
80.31,6.98,73.5,15,3,1198123,0.487
97.37,6.18,74.5,3,4,1639038,0.383
87.23,9.33,90.6,9,4,1763282,0.434
81.23,5.72,89.2,10,3,1175200,0.387
77.15,9.25,75.8,5,3,1267148,0.476
83.37,7.98,75.8,16,3,1197514,0.504
81.15,7.34,89.9,3,3,1209372,0.488
97.08,8.39,86.2,1,4,1636004,0.416
86.74,6.03,98.3,5,3,1191371,0.522
82.61,9.71,96.3,7,4,1602108,0.397
40.38,5.5,64.5,6,1,601058,0.426
83.92,5.91,68.1,3,3,1161033,0.394
88.13,9.25,68.8,1,4,1527367,0.349
69.01,9.66,92.7,1,3,1245146,0.46
98.84,8.29,99.0,2,4,1600882,0.463
75.02,6.71,60.0,8,3,1214131,0.409
71.01,9.19,82.0,1,3,1256177,0.402
72.84,8.23,71.9,1,3,1233344,0.438
75.1,8.93,91.4,1,3,1226069,0.478
82.15,6.82,72.7,5,3,1358503,0.463
79.34,8.52,99.0,21,3,1207961,0.51
83.26,6.57,77.7,0,3,1305972,0.458
79.17,8.68,89.9,8,3,1199384,0.495
78.21,8.22,79.3,2,3,1179853,0.485
57.98,7.66,62.8,16,2,867508,0.441
88.49,8.16,88.4,11,4,1618003,0.386
89.23,9.56,73.6,2,4,1667811,0.444
99.33,7.89,93.0,43,4,1475272,0.508
73.03,7.0,60.1,7,2,908806,0.514
92.95,5.54,93.4,11,3,1277956,0.509
85.85,5.92,77.7,0,3,1246285,0.484
99.9,6.63,76.4,10,4,1682735,0.404
94.9,6.86,76.2,25,4,1508591,0.384
99.9,8.02,62.2,12,4,1584309,0.429
87.34,8.05,83.4,3,3,1112045,0.52
85.37,7.58,97.4,5,3,1246475,0.499
92.56,9.45,86.5,6,4,1545727,0.427
99.9,5.5,92.7,13,4,1697857,0.415
85.13,9.62,73.6,6,4,1613959,0.369
77.45,9.25,83.2,12,3,1170722,0.51
89.79,7.48,82.2,31,3,1372774,0.535
88.7,6.89,84.7,16,3,1324049,0.531
72.1,8.5,99.0,11,3,1380261,0.467
73.27,8.72,79.3,0,3,1292625,0.407
80.01,8.5,75.1,15,3,1175579,0.471
80.26,9.9,96.7,48,3,1207162,0.57
90.82,7.87,93.7,0,4,1558920,0.413
91.69,8.27,87.5,2,4,1572648,0.444
75.67,7.55,81.9,25,3,1185322,0.465
72.61,7.56,80.1,14,3,1316360,0.433
69.91,7.9,86.3,7,3,1294957,0.375
74.31,7.66,74.7,14,3,1274705,0.444
86.36,8.32,72.5,0,3,1253674,0.497
94.05,6.84,88.8,7,4,1622169,0.372
87.23,9.37,83.0,60,4,1486466,0.437
88.76,7.15,90.7,6,3,1247769,0.499
69.67,6.66,79.0,8,2,901482,0.548
95.17,7.49,76.0,4,4,1577769,0.387
88.8,6.97,62.0,4,3,1258098,0.459
88.62,8.9,89.6,34,4,1608188,0.421
84.08,9.11,81.7,33,4,1569152,0.384
89.09,8.51,90.5,23,4,1635143,0.421
85.13,6.46,74.9,27,3,1209777,0.461
83.19,9.45,80.5,1,4,1662857,0.38
99.9,6.66,67.7,30,4,1680344,0.439
79.25,9.13,89.6,11,3,1287544,0.496
87.53,9.73,85.4,8,4,1576082,0.42
75.99,7.01,97.3,19,3,1189335,0.459
91.24,7.12,77.9,2,3,1263028,0.539
79.24,9.9,89.0,15,3,1297514,0.537
89.33,6.97,80.3,0,3,1314827,0.536
86.36,7.58,86.7,3,3,1234296,0.504
74.66,7.88,70.3,2,3,1274580,0.418
99.9,8.3,99.0,5,4,1670403,0.472
79.58,7.54,71.0,1,3,1229484,0.426
91.58,6.98,93.9,13,3,1204866,0.539
92.45,9.9,80.1,20,4,1639573,0.391
70.35,7.98,76.8,19,3,1256621,0.394
88.61,9.9,93.6,2,4,1615470,0.392
78.06,7.72,81.1,18,3,1221671,0.439
75.31,7.23,74.3,17,3,1250979,0.424
79.51,6.35,96.9,0,3,1234669,0.442
99.9,9.09,99.0,20,4,1610369,0.48
91.4,8.18,99.0,26,4,1672255,0.445
76.85,5.56,84.5,6,2,960641,0.528
84.6,8.75,86.9,2,3,1360560,0.573
95.27,6.6,99.0,47,4,1636189,0.426
99.9,7.23,61.4,25,4,1605190,0.439
89.98,7.51,97.4,12,3,1219617,0.585
79.47,8.9,97.9,45,3,1163061,0.517
92.1,8.85,88.2,0,4,1636352,0.4
74.08,6.99,74.6,0,3,1329228,0.352
72.26,7.97,89.5,8,3,1330437,0.447
99.9,6.83,91.9,3,4,1617126,0.485
72.71,7.98,84.9,7,3,1229497,0.425
89.12,7.44,92.2,7,3,1218735,0.533
99.9,7.48,82.7,28,4,1586721,0.447
96.51,8.0,83.6,0,4,1660124,0.403
63.12,9.76,69.5,12,3,1209187,0.385
95.22,7.61,83.2,16,4,1504472,0.396
71.54,7.56,67.0,8,3,1195445,0.402
75.87,8.87,87.1,3,3,1223253,0.456
96.65,8.51,83.8,10,4,1561219,0.47
98.72,8.93,83.7,20,4,1613659,0.474
96.65,7.2,72.2,7,4,1640612,0.409
99.9,9.05,88.5,1,4,1634056,0.441
99.9,8.87,93.9,36,4,1588893,0.521
95.08,8.72,70.1,19,4,1638136,0.4
85.59,8.4,78.2,3,3,1239810,0.522
94.71,9.43,79.0,19,4,1583857,0.463
99.9,7.29,84.7,15,4,1523162,0.432
91.36,7.33,75.0,0,4,1590317,0.369
83.23,7.13,76.8,2,3,1290496,0.447
71.13,7.46,86.5,18,2,894291,0.589
82.72,9.01,76.7,9,3,1308972,0.528
99.9,9.15,91.1,6,4,1649554,0.507
99.9,6.49,86.7,25,4,1629756,0.45
95.97,7.19,79.4,18,4,1515770,0.402
77.13,6.52,86.7,4,3,1205778,0.374
90.18,9.51,81.0,10,4,1613470,0.411
79.01,7.59,87.1,7,3,1240495,0.443
65.84,7.66,75.6,36,2,925098,0.498
91.46,8.52,73.2,17,4,1641016,0.418
63.65,7.19,82.9,9,2,969853,0.502
82.39,6.52,64.8,35,3,1295361,0.446
90.15,7.64,99.0,60,4,1639468,0.423
81.93,9.44,92.9,3,3,1293889,0.521
86.89,8.85,99.0,3,4,1584971,0.393
98.28,7.65,73.6,24,4,1554343,0.447
79.46,8.39,98.8,3,3,1341303,0.489
75.32,7.87,84.2,1,3,1233239,0.4
99.9,8.6,71.9,6,4,1579901,0.457
71.32,7.29,74.6,3,2,688852,0.525
99.9,8.48,78.6,16,4,1626330,0.45
53.91,8.12,85.0,3,2,924125,0.462
99.39,6.93,60.0,6,4,1646044,0.395
80.78,8.82,93.5,5,3,1298849,0.501
88.25,7.8,90.7,6,3,1237726,0.526
78.59,7.56,85.5,5,3,1217963,0.471
77.25,9.29,83.4,16,3,1195840,0.496
86.42,7.78,89.4,8,3,1289780,0.526
88.79,6.73,99.0,8,3,1259047,0.504
74.05,7.27,77.1,5,3,1180640,0.427
91.56,8.49,77.1,32,4,1624213,0.435
87.86,6.68,86.7,13,3,1355524,0.51
97.8,7.43,81.5,1,4,1586726,0.393
73.38,7.55,85.7,2,3,1300233,0.398
69.96,9.29,99.0,9,3,1283383,0.425
98.46,6.58,81.7,14,4,1574492,0.436
63.08,7.95,70.8,14,2,846088,0.514
99.9,8.22,70.5,11,4,1544637,0.449
89.27,7.02,88.0,3,3,1252897,0.491
82.16,9.71,76.4,24,4,1666708,0.418
90.91,7.7,92.6,8,4,1527782,0.402
98.37,9.45,95.7,5,4,1544765,0.461
87.77,8.33,83.4,25,4,1599250,0.39
99.9,6.83,71.0,2,4,1611120,0.417
98.06,7.48,79.3,1,4,1545061,0.397
95.45,8.73,99.0,13,4,1635287,0.419
71.13,6.65,82.5,13,2,801293,0.526
65.7,7.19,79.7,14,2,934957,0.497
61.08,7.65,94.9,2,2,915452,0.504
71.48,6.53,73.3,9,2,848507,0.515
97.14,9.9,82.6,5,4,1621335,0.48
99.71,9.9,74.0,3,4,1607372,0.479
83.72,9.9,87.7,4,4,1621136,0.403
88.6,8.45,83.3,13,4,1591163,0.391
66.73,7.35,78.9,6,2,945039,0.527
86.56,7.92,80.8,7,3,1196740,0.525
73.56,8.33,72.6,25,3,1260105,0.463
85.17,5.5,97.0,3,3,1237897,0.475
92.35,7.3,92.8,28,4,1545986,0.426
67.13,9.9,79.5,3,3,1278725,0.419
86.09,8.83,79.6,29,4,1677338,0.43
99.84,7.26,64.7,5,4,1619420,0.448
80.9,6.91,92.1,7,3,1239696,0.455
69.72,6.11,92.0,8,2,888125,0.526
94.87,6.92,80.8,3,4,1602520,0.376
92.55,6.43,77.6,12,3,1242444,0.518
79.6,8.58,68.7,8,3,1267552,0.467
74.35,7.64,83.0,6,3,1264109,0.412
85.93,9.2,91.3,6,4,1617774,0.385
99.9,7.19,90.7,2,4,1642945,0.453
79.84,6.4,69.5,2,3,1186412,0.41
77.86,6.72,63.3,6,3,1260265,0.468
87.26,9.1,96.1,5,4,1582674,0.394
81.04,8.24,76.7,7,3,1280022,0.472
91.47,6.88,90.0,10,3,1311989,0.527
65.39,8.17,93.5,9,2,805804,0.55
99.48,7.26,85.9,7,4,1559085,0.462
88.67,8.31,80.7,1,4,1598105,0.364
99.9,7.6,88.0,12,4,1619626,0.455
90.12,7.16,78.2,4,3,1262548,0.512
89.45,8.59,77.7,0,4,1635953,0.369
78.19,6.49,93.1,1,3,1296868,0.434
72.72,9.16,84.4,9,3,1254411,0.435
88.91,9.14,88.3,5,4,1619152,0.387
84.43,9.7,68.8,9,4,1555247,0.394
79.38,7.86,91.3,8,3,1238880,0.428
92.69,8.98,92.4,3,4,1642278,0.415
69.54,9.11,78.9,0,3,1261426,0.385
75.94,9.21,93.6,7,3,1196277,0.465
77.96,7.49,86.0,1,3,1294658,0.439
69.39,5.5,66.0,1,2,804168,0.492
75.98,7.6,79.2,10,3,1238004,0.422
64.98,7.6,87.1,13,2,932225,0.517
85.05,9.9,96.0,11,4,1634064,0.388
99.9,6.18,72.2,6,4,1698419,0.42
88.94,5.5,99.0,11,3,1321312,0.461
84.69,7.14,74.0,47,3,1213326,0.509
80.77,9.9,95.0,5,4,1617184,0.409
99.06,9.68,87.7,0,4,1627231,0.533
84.89,8.78,74.8,29,3,1192665,0.517
92.86,8.24,76.8,10,4,1596760,0.41
76.76,8.39,84.2,1,3,1229726,0.414
99.9,9.74,70.9,1,4,1575208,0.474
85.32,8.22,90.2,26,3,1259141,0.549
72.62,8.1,63.5,7,3,1228282,0.393
97.2,6.24,99.0,8,4,1606593,0.383
99.33,7.06,72.5,14,4,1630329,0.417
94.82,9.28,99.0,37,4,1689552,0.491
76.28,8.21,77.3,3,3,1345663,0.425
72.74,7.31,76.3,0,3,1159797,0.39
86.25,7.9,94.4,1,3,1202488,0.5
69.68,6.22,84.3,10,2,807694,0.547
87.55,8.01,82.8,13,3,1273329,0.539
78.43,6.14,73.4,4,3,1218878,0.453
96.34,9.09,81.0,0,4,1636519,0.426
77.52,9.35,97.2,1,3,1268199,0.467
99.9,9.26,81.0,2,4,1593549,0.483
82.87,7.67,96.5,6,3,1244856,0.453
50.18,5.57,88.9,2,1,587483,0.53
75.2,8.47,82.9,17,3,1232953,0.429
74.4,9.9,69.0,13,3,1256789,0.436
86.3,7.37,79.1,1,3,1296282,0.494
77.28,7.35,82.2,10,3,1247987,0.412
99.9,7.83,75.6,1,4,1553507,0.429
99.89,9.72,82.2,8,4,1546722,0.481
70.32,6.46,84.5,1,2,947458,0.507
75.02,6.69,82.5,29,3,1271102,0.429
94.18,7.02,81.7,2,4,1552282,0.398
55.89,9.46,70.0,24,2,954793,0.488
99.9,7.54,99.0,60,4,1696394,0.484
83.56,6.96,83.0,26,3,1214909,0.469
94.74,7.83,85.3,5,4,1717607,0.406
94.75,8.45,91.7,9,4,1581508,0.427
97.75,5.57,86.2,10,3,1266753,0.526
78.22,6.4,82.5,2,3,1230215,0.434
93.85,9.9,86.1,11,4,1585350,0.466
91.19,8.03,71.3,30,4,1589612,0.42
73.26,9.9,97.7,4,3,1264564,0.47
92.45,5.89,81.9,15,3,1319247,0.495
54.58,9.05,74.0,0,2,895650,0.457
99.9,8.56,82.2,3,4,1575177,0.451
88.8,6.84,84.9,26,3,1339589,0.521
89.91,8.94,87.6,14,4,1555842,0.444
87.51,6.98,93.3,7,3,1224100,0.524
94.26,5.5,77.8,2,3,1282235,0.515
99.9,6.81,74.0,3,4,1570689,0.406
97.16,7.8,81.3,6,4,1575086,0.487
99.21,9.11,71.0,1,4,1588854,0.462
81.29,6.63,82.7,40,3,1293419,0.497
99.9,7.49,96.0,1,4,1642769,0.508
89.95,6.46,91.5,24,3,1238405,0.552
77.94,8.65,75.1,2,3,1268073,0.461
82.52,8.5,87.1,23,3,1239839,0.528
56.82,7.53,77.7,48,2,946797,0.499
95.99,8.01,87.0,52,4,1566116,0.475
98.22,7.84,76.5,2,4,1521100,0.433
62.62,9.9,83.6,3,3,1185995,0.392
99.9,9.54,84.6,3,4,1585025,0.484
86.5,9.9,79.0,40,4,1559126,0.47
94.44,6.65,73.8,14,4,1537570,0.38
92.38,8.23,94.8,6,4,1550422,0.422
89.79,8.46,78.3,3,4,1541901,0.338
86.55,9.35,74.8,1,4,1638288,0.334
66.43,7.03,74.1,7,2,845881,0.526
79.06,7.65,74.6,22,3,1278796,0.424
99.9,6.04,80.1,0,4,1518840,0.432
63.17,6.95,80.0,2,2,922270,0.497
93.0,8.95,79.9,21,4,1641578,0.413
96.55,9.0,96.2,15,4,1638495,0.451
69.1,6.76,85.4,7,2,942967,0.511
99.9,6.37,71.1,7,4,1587587,0.366
97.07,7.55,90.6,30,4,1566162,0.432
99.9,7.05,81.1,5,4,1576250,0.43
94.12,9.9,68.4,5,4,1603962,0.434
87.92,7.15,93.8,2,3,1238699,0.514
80.14,8.8,95.1,17,3,1285426,0.489
99.9,8.93,80.7,0,4,1605988,0.463
95.89,8.75,79.4,3,4,1645803,0.443
94.8,6.94,93.7,5,4,1591750,0.417
89.87,6.78,99.0,9,3,1233180,0.505
78.61,7.31,75.0,9,3,1323546,0.423
72.44,7.9,62.5,4,3,1306074,0.413
63.98,6.97,99.0,20,2,905984,0.497
76.38,8.64,87.8,60,3,1244205,0.514
85.89,8.21,99.0,1,3,1285544,0.541
96.22,9.25,73.7,10,4,1574533,0.458
81.38,7.56,82.0,1,3,1238605,0.482
80.73,9.39,79.2,3,3,1257043,0.478
71.69,8.21,68.8,8,3,1177205,0.433
93.36,6.85,63.4,0,3,1322732,0.482
89.66,9.74,65.6,12,4,1582871,0.381
71.11,7.65,74.0,9,3,1216574,0.403
86.4,8.12,83.2,21,3,1214616,0.548
90.99,9.9,87.6,3,4,1618097,0.427
85.44,7.16,73.8,1,3,1265578,0.479
82.59,8.35,78.7,16,3,1257464,0.463
76.06,7.17,96.9,44,3,1281330,0.448
89.09,9.36,77.8,17,4,1670053,0.437
75.91,6.39,97.0,10,3,1215693,0.382
91.79,7.69,74.6,0,4,1547678,0.384
85.21,9.11,70.7,8,4,1543049,0.385
78.3,9.35,78.4,37,3,1183078,0.482
47.29,8.53,75.7,3,2,913569,0.427
99.9,5.5,68.9,10,4,1617315,0.394
81.46,9.64,84.5,8,4,1621828,0.38
71.02,7.86,96.6,7,3,1270610,0.399
73.74,7.56,75.3,2,3,1303591,0.403
76.99,8.16,78.8,6,3,1241499,0.464
90.53,8.73,61.8,0,4,1606975,0.366
96.37,6.61,75.0,0,4,1728578,0.371
85.16,8.47,92.8,1,3,1197033,0.525
95.94,7.2,78.6,4,4,1588357,0.391
96.5,9.9,94.6,2,4,1687478,0.452
87.04,9.27,92.0,2,4,1585128,0.395
80.56,8.0,79.9,8,3,1291917,0.49
77.43,9.9,73.3,6,3,1342462,0.478
80.38,7.84,77.2,3,3,1194218,0.484
88.81,6.0,86.0,9,3,1199649,0.5
97.57,8.67,87.4,14,4,1584214,0.449
99.9,8.71,82.4,6,4,1648172,0.497
64.46,7.59,99.0,17,2,938246,0.524
87.22,8.54,60.9,26,4,1592390,0.376
76.12,8.93,78.1,13,3,1246573,0.457
95.02,7.66,99.0,26,4,1585320,0.451
72.79,7.76,77.0,1,3,1251022,0.422
97.06,7.83,60.0,3,4,1589771,0.387
99.9,7.61,70.6,2,4,1610128,0.444
54.21,7.65,85.2,27,2,865725,0.453
99.9,9.4,66.3,21,4,1666992,0.514
83.56,8.54,93.8,20,3,1215094,0.492
77.54,8.36,72.1,27,3,1171163,0.438
82.01,6.64,74.6,8,3,1163264,0.446
84.13,7.84,60.7,17,3,1157115,0.471
88.77,8.06,75.8,0,4,1675955,0.383
94.42,7.64,71.8,31,4,1547366,0.403
86.32,8.97,80.4,8,4,1534072,0.373
82.79,6.42,79.3,3,3,1293010,0.48
77.12,7.14,74.4,1,3,1255287,0.409
95.76,5.5,82.4,2,3,1210547,0.533
79.47,6.9,80.3,2,3,1325805,0.42
79.91,9.71,87.7,10,3,1337947,0.508
82.5,6.52,89.3,19,3,1273953,0.48
62.69,7.2,88.9,12,2,854660,0.472
99.9,9.55,60.5,25,4,1643255,0.449
81.87,6.43,73.6,24,3,1218417,0.435
83.67,5.78,77.7,4,3,1237323,0.43
75.65,8.62,89.3,8,3,1287651,0.493
80.28,9.25,81.3,0,3,1241048,0.506
87.67,8.35,78.4,0,4,1594887,0.346
67.62,5.5,69.7,14,2,880190,0.472
79.7,8.07,88.3,27,3,1222246,0.474
74.01,7.49,99.0,6,3,1242090,0.43
96.87,7.98,99.0,16,4,1649398,0.481
99.9,7.6,88.5,1,4,1634613,0.432
88.88,7.18,79.9,0,3,1242254,0.512
81.45,8.38,74.1,13,3,1187261,0.478
81.27,6.65,78.0,19,3,1321091,0.452
99.9,7.19,73.1,7,4,1587604,0.438
99.33,8.22,81.2,0,4,1542426,0.409
99.87,8.21,80.6,4,4,1571328,0.449
76.84,7.46,89.8,19,3,1195156,0.443
84.98,9.18,81.6,0,4,1585782,0.374
84.51,9.9,87.3,19,4,1595139,0.4
67.14,5.5,84.2,0,2,898624,0.487
87.61,7.23,80.4,16,3,1302775,0.516
99.9,8.12,95.6,7,4,1603397,0.428
93.28,8.86,79.8,10,4,1578546,0.393
82.88,7.09,83.6,8,3,1262526,0.445
95.51,5.86,80.3,15,3,1206699,0.557
99.9,8.83,79.1,5,4,1634130,0.469
75.76,7.78,68.3,18,3,1291603,0.436
84.79,7.53,86.9,30,3,1248494,0.514
61.62,8.51,86.7,9,2,992128,0.52
77.18,6.16,93.0,1,3,1234770,0.399
99.9,7.68,70.6,11,4,1544377,0.435
98.55,7.22,97.2,11,4,1627250,0.445
99.9,8.3,85.3,9,4,1590995,0.451
99.9,8.91,69.3,0,4,1534253,0.454
97.63,7.86,71.7,20,4,1609155,0.429
78.15,8.42,88.2,11,3,1206838,0.449
63.63,8.77,79.4,0,2,822157,0.533
89.7,7.06,80.5,3,3,1262199,0.53
82.76,8.18,76.9,14,3,1241119,0.505
99.9,7.14,79.6,4,4,1585735,0.424
60.42,7.48,88.2,15,2,877420,0.547
88.23,8.6,90.5,4,4,1565613,0.414
82.98,8.26,86.7,11,3,1171344,0.492
78.5,5.76,68.4,1,3,1198131,0.421
68.61,8.1,84.4,12,3,1241788,0.393
96.63,9.38,97.1,5,4,1665161,0.444
79.01,8.59,73.2,12,3,1225237,0.448
83.7,9.32,81.2,8,4,1562864,0.309
57.37,8.35,84.3,14,2,830660,0.467
99.1,7.39,81.9,37,4,1607301,0.417
87.46,6.79,79.4,6,3,1181802,0.49
90.11,8.26,92.2,21,4,1642570,0.385
77.33,6.16,75.9,5,3,1283107,0.39
85.95,9.21,97.4,2,4,1643249,0.383
82.85,8.52,99.0,19,3,1209435,0.533
99.9,8.55,72.2,3,4,1671784,0.444
99.9,8.15,85.4,9,4,1632270,0.463
99.9,8.89,77.6,11,4,1564316,0.443
83.85,8.39,92.1,21,3,1154402,0.521
84.79,8.52,73.2,0,3,1211358,0.472
79.3,7.86,85.4,1,3,1269585,0.492
82.86,5.5,77.4,6,3,1179910,0.411
91.65,5.5,95.7,6,3,1163252,0.485
81.07,9.9,82.8,0,4,1518260,0.331
84.71,6.91,81.1,16,3,1233600,0.482
99.9,6.95,88.5,11,4,1688896,0.411
77.78,7.86,76.9,6,3,1361603,0.457
75.25,8.81,84.2,7,3,1271085,0.448
60.06,7.7,99.0,0,2,905150,0.495
95.35,7.27,82.0,5,4,1695184,0.405
99.9,6.93,67.8,5,4,1652234,0.405
99.9,7.35,81.1,14,4,1626761,0.428
87.95,7.28,87.1,14,3,1244589,0.531
78.1,8.58,84.1,11,3,1228127,0.461
99.9,8.64,89.4,16,4,1544418,0.454
83.1,6.25,89.2,7,3,1307321,0.471
87.21,8.45,80.7,9,4,1606796,0.37
70.55,8.24,95.1,2,3,1252945,0.43
76.78,7.95,95.1,27,3,1242881,0.467
86.26,7.86,94.2,4,3,1289338,0.535
75.75,6.92,85.4,2,3,1321458,0.43
65.18,9.05,84.5,11,3,1234253,0.37
70.06,5.75,83.9,38,2,868059,0.544
73.6,8.12,84.7,8,3,1253250,0.45
85.42,7.3,80.1,16,3,1242987,0.488
94.32,9.9,60.0,1,4,1592540,0.42
87.38,7.66,84.9,5,3,1223895,0.489
91.84,7.44,95.4,12,4,1627187,0.397
89.86,6.14,60.0,7,3,1220508,0.477
81.94,9.05,94.9,9,3,1254540,0.511
79.38,8.67,76.1,4,3,1251972,0.467
88.92,9.67,82.6,9,4,1666740,0.398
84.73,7.99,98.9,22,3,1153370,0.513
76.91,8.55,80.8,3,3,1156983,0.432
94.41,6.01,70.2,9,3,1240895,0.509
99.9,8.41,61.7,25,4,1628515,0.44
74.94,8.34,88.9,22,3,1249272,0.447
90.93,7.04,79.1,10,3,1247078,0.513
84.44,7.77,91.5,3,3,1238230,0.48
76.22,9.85,74.6,36,3,1271092,0.521
69.97,6.99,92.8,18,2,875469,0.551
98.01,7.25,93.6,4,4,1549904,0.439
85.99,8.19,84.2,27,3,1218320,0.502
64.41,8.45,76.1,1,2,839131,0.526
99.9,8.65,82.6,9,4,1641362,0.463
70.61,8.88,69.5,30,3,1283906,0.459
87.82,8.92,97.0,60,4,1530689,0.444
71.5,8.73,83.4,13,3,1251275,0.415
92.83,7.0,96.5,9,4,1611498,0.397
88.48,7.0,79.0,14,3,1280578,0.508
82.96,9.07,69.1,41,3,1228150,0.536
92.9,9.38,84.1,10,4,1554837,0.435
87.43,9.9,97.6,15,4,1600602,0.37
86.55,9.9,99.0,39,4,1627481,0.444
83.83,8.53,66.6,4,3,1237881,0.515
86.89,8.72,65.4,11,4,1588727,0.344
91.98,8.24,69.1,23,4,1598622,0.428
99.9,9.26,84.4,3,4,1570370,0.482
86.84,6.06,65.9,1,3,1231734,0.443
83.31,9.9,78.0,16,4,1616253,0.365
99.9,7.42,90.5,33,4,1657419,0.442
94.35,6.2,78.8,7,3,1266744,0.505
87.85,9.02,89.8,0,4,1607894,0.406
85.57,8.4,65.3,14,3,1234890,0.516
90.9,7.28,65.5,28,3,1232187,0.526
80.5,6.91,83.2,1,3,1238144,0.482
75.59,7.23,68.8,22,3,1278118,0.424
80.55,7.64,93.4,7,3,1240602,0.467
77.3,8.5,79.5,31,3,1308989,0.465
72.77,7.73,82.6,15,3,1274158,0.365
90.08,9.9,84.8,9,4,1637546,0.418
72.41,9.64,62.9,0,3,1103200,0.428
73.61,7.12,73.2,4,3,1194838,0.398
77.26,7.44,73.6,9,3,1245553,0.469
99.9,7.05,93.6,5,4,1580455,0.425
86.28,8.5,69.0,20,3,1111698,0.555
73.16,7.06,78.2,46,3,1273399,0.457
82.45,9.75,84.3,43,4,1592325,0.379
77.21,5.92,75.7,19,2,932093,0.551
87.6,8.04,60.0,29,3,1277515,0.503
76.69,7.98,76.7,13,3,1297241,0.444
85.47,7.26,95.1,2,3,1163491,0.524
97.29,7.12,68.9,5,4,1698561,0.366
99.9,5.5,99.0,5,4,1598604,0.41
87.26,8.46,73.0,24,4,1602909,0.362
99.9,7.01,97.5,2,4,1661169,0.448
63.84,8.33,89.8,7,2,889124,0.51
96.46,8.93,67.5,14,4,1552474,0.436
77.79,6.84,88.2,0,3,1286526,0.451
91.44,8.08,81.0,8,4,1574938,0.401
95.33,7.7,82.0,26,4,1569754,0.409
75.36,9.36,98.4,3,3,1222021,0.477
92.07,6.62,70.1,3,3,1205130,0.491
83.49,5.5,79.7,18,3,1256760,0.462
61.91,7.94,94.5,2,2,896104,0.519
79.58,9.29,95.2,11,3,1239230,0.493
75.85,9.0,85.2,8,3,1270603,0.471
63.85,7.97,74.0,1,2,949900,0.48
79.67,9.82,85.7,13,3,1203886,0.547
80.35,8.5,82.3,5,3,1235230,0.428
79.47,7.59,97.8,4,3,1259411,0.438
95.98,6.35,67.1,0,4,1618593,0.398
98.69,6.64,83.2,3,4,1647112,0.422
82.79,8.1,88.5,5,3,1327897,0.473
90.29,9.11,72.1,15,4,1663946,0.377
87.5,7.68,75.9,2,3,1214609,0.493
99.9,6.78,87.2,45,4,1506732,0.449
85.29,5.5,88.4,4,3,1232533,0.412
84.94,7.72,88.5,17,3,1303556,0.505
81.31,7.27,62.6,12,3,1258721,0.449
99.38,9.52,76.5,8,4,1667008,0.461
71.83,7.35,99.0,14,3,1255159,0.445
77.21,8.15,76.9,3,3,1333970,0.429
73.24,8.72,87.1,3,3,1303278,0.443
99.9,7.56,71.4,11,4,1604570,0.43
99.9,6.55,87.0,9,4,1634084,0.438
91.68,9.9,92.5,11,4,1600982,0.427
79.06,7.14,74.3,6,3,1129505,0.423
90.88,8.52,85.4,25,4,1658941,0.404
69.8,9.88,92.3,10,3,1195703,0.436
94.22,8.86,71.5,16,4,1580994,0.393
99.9,8.63,68.8,5,4,1538386,0.461
91.47,8.11,81.0,1,4,1542561,0.371
89.01,9.41,73.2,0,4,1619794,0.4
69.58,6.41,79.7,9,2,843093,0.5
99.9,7.51,84.2,9,4,1555498,0.463
91.77,8.4,94.2,12,4,1600974,0.4
87.69,7.75,91.1,0,3,1282663,0.5
74.97,9.71,67.3,8,3,1251132,0.432
88.48,6.35,93.6,4,3,1327093,0.507
66.47,9.76,84.8,21,3,1300086,0.396
99.67,9.45,60.0,9,4,1569167,0.463
87.19,6.26,70.8,24,3,1171561,0.514
82.51,8.64,65.0,3,3,1219625,0.488
81.85,6.94,74.9,32,3,1227100,0.471
89.18,7.63,69.4,23,3,1184771,0.528
60.68,8.06,85.9,6,2,806384,0.468
90.17,6.18,77.1,5,3,1304153,0.486
65.18,7.94,71.0,20,2,901151,0.521
86.48,7.51,79.3,3,3,1271438,0.518
87.22,9.21,98.1,20,4,1574084,0.444
74.28,9.39,95.8,38,3,1259533,0.464
83.79,6.19,77.7,5,3,1340481,0.453
73.9,8.81,78.3,4,3,1262997,0.456
95.43,6.7,68.2,0,4,1579400,0.36
81.61,7.73,92.4,17,3,1315211,0.506
69.42,6.79,86.3,5,2,832693,0.531
75.27,9.9,69.8,6,3,1277884,0.477
82.24,7.49,77.6,1,3,1240087,0.467
85.55,5.8,99.0,42,3,1328031,0.465
85.78,7.18,79.0,4,3,1287794,0.481
96.16,7.31,99.0,15,4,1594511,0.41
99.9,6.16,77.4,10,4,1520677,0.417
85.49,9.57,68.9,2,4,1619285,0.376
76.56,8.25,78.3,6,3,1203961,0.459
99.9,7.64,76.3,0,4,1575835,0.44
99.9,8.11,86.5,14,4,1634674,0.454
75.13,7.08,71.6,22,3,1207092,0.403
99.9,8.21,85.8,5,4,1668626,0.469
81.71,8.16,79.3,12,3,1235268,0.514
95.29,5.68,81.7,7,3,1244601,0.529
61.41,8.62,85.0,18,2,954200,0.537
81.29,6.89,84.4,10,3,1244073,0.49
98.93,8.36,95.9,5,4,1579059,0.468
67.53,7.75,86.0,8,2,794728,0.543
76.62,7.82,85.0,13,3,1220090,0.457
96.44,8.57,99.0,22,4,1582636,0.435
87.1,9.9,94.4,7,4,1542305,0.45
84.31,8.24,71.6,0,3,1262733,0.501
79.97,7.7,78.7,0,3,1241919,0.466
83.04,5.88,95.4,2,3,1261957,0.458
99.9,7.69,83.9,8,4,1582342,0.418
83.29,6.97,77.8,22,3,1293293,0.466
89.35,9.64,73.4,6,4,1619039,0.38
93.86,8.23,64.2,25,4,1615926,0.412
99.23,9.84,96.8,0,4,1550858,0.478
74.49,7.31,77.6,55,3,1229666,0.462
84.75,6.99,89.5,22,3,1324982,0.498
67.02,9.58,83.4,22,3,1267572,0.411
94.42,6.61,71.4,7,4,1639994,0.348
63.04,9.27,90.2,2,2,872168,0.516
60.81,8.26,86.4,9,2,905936,0.517
80.51,6.98,99.0,1,3,1213979,0.463
86.46,8.69,91.0,41,4,1630721,0.415
80.01,6.71,76.8,4,3,1271776,0.428
86.51,7.51,90.7,24,3,1233169,0.546
88.26,7.07,73.1,7,3,1208848,0.48
64.77,8.99,92.6,5,3,1287678,0.399
99.9,6.81,88.4,7,4,1586099,0.488
91.19,9.4,86.5,11,4,1620439,0.446
91.51,7.64,82.5,7,4,1608302,0.394
96.84,9.31,86.6,14,4,1529213,0.451
99.9,8.16,85.0,0,4,1590871,0.441
68.08,6.05,80.4,7,2,899168,0.477
83.23,9.9,98.9,0,4,1644777,0.392
81.34,8.58,75.8,4,3,1188884,0.46
74.01,9.68,67.9,7,3,1245147,0.459
99.9,6.08,74.5,8,4,1640973,0.397
99.9,5.5,99.0,4,4,1625738,0.422
92.65,9.74,84.2,11,4,1512144,0.38
81.61,7.64,60.0,29,3,1194958,0.466
86.55,8.04,83.6,21,3,1325446,0.497
95.5,6.93,82.4,8,4,1596531,0.382
86.88,6.97,71.9,7,3,1240714,0.469
59.4,7.59,67.8,25,2,849672,0.487
91.93,8.44,73.0,8,4,1626639,0.397
83.56,6.94,82.9,15,3,1340636,0.46
98.59,6.54,66.2,2,4,1626933,0.4
