GRE_Score,TOEFL_Score,CGPA_10,SOP_Strength,LOR_Strength,Research_Exp,Target_QS_Tier,Target_Tuition_USD,Admit_Probability
321,111,7.36,2.5,2.5,0,2,51117,0.613
314,103,7.98,2.1,2.9,1,2,40976,0.619
323,102,8.25,1.9,2.7,1,3,55379,0.478
332,106,9.63,3.9,3.0,0,5,85000,0.439
313,105,8.83,3.3,3.3,0,3,52563,0.566
313,104,7.7,3.9,4.3,0,2,53156,0.604
333,111,8.79,4.2,3.2,1,4,77357,0.472
324,112,7.57,3.8,2.1,1,2,50635,0.676
310,107,9.15,4.2,4.5,1,4,67394,0.453
321,115,8.22,3.4,2.7,0,3,67900,0.499
310,100,8.44,2.3,3.4,1,3,71186,0.529
310,105,9.3,4.6,3.9,1,4,73735,0.558
318,102,7.73,2.9,3.7,1,2,51552,0.561
294,95,7.66,2.6,4.5,1,1,38008,0.634
297,106,8.15,3.3,3.9,1,2,51651,0.626
309,106,9.12,2.6,2.7,0,4,72402,0.466
304,116,7.59,3.1,5.0,0,1,36827,0.654
319,110,6.8,3.8,3.7,1,1,41528,0.658
306,100,8.23,3.8,3.4,1,2,60728,0.607
300,118,8.83,2.6,4.4,0,3,53999,0.578
332,114,9.22,3.0,3.7,1,5,84480,0.465
313,110,8.22,4.6,3.9,1,3,55097,0.547
316,105,8.25,4.0,5.0,1,3,68960,0.549
300,101,9.19,5.0,3.3,0,3,58061,0.56
310,104,7.38,4.7,3.2,0,1,29783,0.664
317,113,8.27,4.6,3.6,0,3,64190,0.541
303,118,8.61,2.1,4.5,1,3,69721,0.544
320,116,8.77,4.3,2.1,1,4,76317,0.516
309,104,8.19,3.4,1.7,0,2,50023,0.632
312,100,8.52,2.9,3.0,1,3,63045,0.483
309,107,7.01,3.7,2.0,0,1,44074,0.626
336,96,8.11,4.4,3.1,0,3,56629,0.508
315,108,8.77,4.0,4.0,1,3,60440,0.548
304,106,7.91,2.6,2.7,0,2,46736,0.587
325,104,8.54,4.2,2.2,1,3,55160,0.564
302,97,8.77,2.9,3.6,0,3,59358,0.523
318,110,8.29,3.7,4.3,1,3,66538,0.485
294,103,8.6,3.2,2.0,1,2,51833,0.568
301,99,7.92,3.3,4.2,0,2,52221,0.605
318,92,8.38,4.3,4.2,0,3,61732,0.446
324,106,8.87,2.5,4.4,1,4,75616,0.516
317,117,8.59,5.0,4.6,0,3,56997,0.578
314,116,8.15,1.7,5.0,1,3,59452,0.572
312,104,8.63,2.9,3.2,1,3,61960,0.531
299,103,8.93,3.9,3.6,1,3,62387,0.484
308,109,7.27,4.1,3.1,1,1,38600,0.662
310,101,9.2,3.4,3.5,1,4,72308,0.518
327,108,8.3,3.4,4.9,1,3,59112,0.577
319,111,8.76,3.9,2.3,1,4,85000,0.454
296,114,9.22,3.3,2.7,1,3,65533,0.559
319,106,7.68,4.9,4.7,1,2,51065,0.587
311,105,8.07,4.3,4.4,0,2,47833,0.578
308,101,8.33,4.4,3.2,1,3,58743,0.555
322,102,8.03,2.5,4.3,0,3,60345,0.481
327,105,9.54,3.4,3.8,0,5,85000,0.399
326,109,7.99,3.2,4.9,0,3,51597,0.498
306,112,8.17,2.5,3.6,0,2,41153,0.551
312,102,8.62,3.9,4.4,0,3,57815,0.545
319,115,7.78,3.0,5.0,1,2,50035,0.641
326,105,8.26,4.2,4.0,1,3,59803,0.538
310,106,8.69,2.4,3.5,0,3,68390,0.488
313,102,8.3,5.0,4.2,0,3,53588,0.558
303,92,8.44,2.6,3.2,0,3,57243,0.557
302,112,8.18,3.7,5.0,1,2,56600,0.592
324,111,7.59,4.3,3.7,0,2,49655,0.58
330,105,8.69,2.9,3.3,1,4,77424,0.489
315,107,9.55,4.4,2.7,1,4,83256,0.552
327,110,8.51,2.3,4.5,1,4,69530,0.456
319,97,8.64,5.0,4.3,0,3,60503,0.508
308,103,8.92,3.5,3.1,0,3,59637,0.561
319,111,7.74,2.9,4.0,1,2,39227,0.62
332,99,9.52,3.2,2.1,0,5,83448,0.414
315,108,8.62,4.3,3.7,1,3,65405,0.535
333,98,9.48,2.9,3.9,1,5,85000,0.455
290,109,8.06,2.8,5.0,1,2,52095,0.606
325,106,9.59,3.3,2.8,1,5,83122,0.403
316,97,8.97,2.3,2.3,1,4,69719,0.461
312,113,8.83,5.0,2.7,1,3,67346,0.52
317,102,8.64,2.9,2.3,0,3,58513,0.55
294,102,8.35,4.3,4.7,0,2,50470,0.592
313,108,9.22,3.7,4.9,1,4,73816,0.484
319,113,8.58,2.5,3.8,1,3,68308,0.547
332,100,7.32,3.5,4.6,1,2,53857,0.587
310,107,7.83,4.3,3.6,1,2,42523,0.622
307,109,8.39,3.3,3.4,1,3,55062,0.548
310,111,8.69,4.7,3.2,1,3,63894,0.548
326,108,8.47,4.5,3.2,0,3,60678,0.57
319,104,9.23,4.4,2.1,0,4,70724,0.495
310,102,7.33,3.0,3.7,1,1,42078,0.632
321,107,8.59,2.4,3.5,1,3,61937,0.54
317,100,7.41,2.9,4.2,1,2,49262,0.569
326,92,8.96,3.7,3.6,0,4,76899,0.486
308,109,8.44,4.0,3.4,1,3,59124,0.526
312,112,8.75,1.3,2.7,1,3,68842,0.526
311,92,7.98,3.5,3.6,0,2,45059,0.639
299,100,9.27,3.7,4.2,1,3,64284,0.587
319,110,9.13,3.2,2.5,1,4,80169,0.462
318,119,8.85,4.8,3.6,1,4,66113,0.511
316,107,8.42,3.9,3.7,1,3,59283,0.545
313,102,8.85,4.8,2.9,1,3,66711,0.564
300,105,8.08,3.3,3.0,1,2,54786,0.592
311,115,9.01,4.4,3.7,1,4,72142,0.526
312,103,9.49,5.0,2.5,1,4,69326,0.508
307,102,9.14,4.8,3.8,0,4,77779,0.477
314,104,8.06,2.4,2.7,1,2,54917,0.622
320,101,8.72,3.2,4.5,1,4,67176,0.479
336,107,7.72,3.2,5.0,0,3,54980,0.53
317,116,8.84,4.0,2.7,0,4,74126,0.486
318,108,8.77,4.2,4.0,0,4,76146,0.473
315,105,7.38,2.7,2.8,1,2,47504,0.567
294,105,7.8,3.6,4.4,1,1,40396,0.643
315,97,8.33,1.5,2.4,0,3,57449,0.483
316,112,8.32,4.9,3.9,0,3,50426,0.513
340,106,7.77,3.0,2.7,1,3,58880,0.481
313,105,8.73,3.6,3.3,0,3,61316,0.515
319,120,8.65,3.2,2.6,1,3,59620,0.549
315,108,8.38,4.6,4.2,0,3,55206,0.544
303,102,8.05,1.0,2.7,0,2,39921,0.56
328,104,9.13,3.5,4.0,0,4,70429,0.42
324,113,9.49,3.4,3.2,0,5,85000,0.472
324,107,8.21,3.0,3.4,0,3,67280,0.56
305,98,8.13,5.0,3.6,1,2,54938,0.613
331,112,8.79,2.6,2.8,1,4,68920,0.538
300,102,8.29,4.3,3.7,1,2,43231,0.573
322,118,8.42,3.9,4.9,1,3,63483,0.618
340,113,8.94,4.8,2.8,0,5,85000,0.391
305,104,7.35,2.8,4.6,1,1,39000,0.654
309,114,9.29,2.8,4.8,1,4,62929,0.459
317,107,8.54,4.6,2.8,0,3,56665,0.541
310,112,8.25,3.9,2.2,0,3,60851,0.533
298,109,8.45,2.0,3.8,1,2,51436,0.597
316,101,8.48,3.0,3.0,1,3,64836,0.552
304,103,7.46,3.9,5.0,1,1,37721,0.66
321,113,9.4,4.3,3.5,0,4,74653,0.49
305,104,8.52,2.8,2.8,1,3,61424,0.508
333,104,8.77,1.0,2.5,0,4,76428,0.484
307,101,9.07,4.0,4.5,1,3,62564,0.541
312,109,7.89,2.3,3.0,1,2,49328,0.615
324,119,8.78,1.5,3.5,0,4,71658,0.51
302,100,8.34,1.0,4.4,1,2,49406,0.541
318,107,9.01,4.3,3.1,1,4,75422,0.519
330,115,7.22,3.6,3.5,1,2,50337,0.65
298,106,8.44,3.3,3.5,1,2,50904,0.612
318,109,8.14,4.9,4.1,1,3,67713,0.558
318,100,8.76,4.1,4.0,1,4,74325,0.504
324,109,8.78,5.0,3.3,1,4,69755,0.479
302,105,8.08,2.1,3.6,1,2,53418,0.592
301,112,8.07,3.5,3.2,0,2,42169,0.552
321,114,8.43,1.9,2.2,0,3,55592,0.533
319,120,7.96,3.3,3.7,1,3,62679,0.548
318,110,9.01,3.3,5.0,0,4,75581,0.503
319,108,8.28,4.1,2.7,1,3,54774,0.567
308,108,6.76,3.5,2.8,1,1,35085,0.6
318,104,8.28,4.1,2.7,1,3,57969,0.515
319,109,7.88,4.2,4.2,1,2,46566,0.664
308,105,7.52,5.0,3.9,1,1,41717,0.66
336,108,7.76,3.2,3.4,1,3,64532,0.531
321,114,8.57,2.6,2.7,0,3,60904,0.538
302,100,9.3,3.7,3.6,0,4,70270,0.449
323,113,8.69,2.7,2.1,1,4,66251,0.517
305,114,8.14,5.0,3.6,0,2,56100,0.592
324,106,8.77,3.2,4.3,0,4,75960,0.441
328,94,8.22,2.9,2.4,0,3,57466,0.501
306,103,8.08,3.0,2.1,1,2,52597,0.524
326,114,7.81,4.2,4.9,1,3,60648,0.518
320,106,7.45,3.3,2.9,1,2,47564,0.549
325,101,8.27,2.9,4.5,1,3,63176,0.554
336,103,8.59,5.0,3.4,0,4,69292,0.458
313,112,8.44,2.6,3.4,1,3,59281,0.563
307,110,8.25,3.5,3.9,1,2,49607,0.651
306,105,7.93,4.2,2.7,0,2,46502,0.608
307,104,8.86,1.9,3.6,0,3,64345,0.528
315,104,7.71,4.0,3.2,1,2,58345,0.592
319,101,8.97,2.4,2.3,0,4,69228,0.415
319,116,7.9,4.3,3.8,1,2,40674,0.609
325,105,8.05,2.5,3.3,1,3,50991,0.497
316,114,7.62,4.2,3.4,1,2,48247,0.616
331,116,8.2,4.6,2.4,0,3,57684,0.62
313,112,9.09,4.4,4.9,0,4,74039,0.509
340,104,8.81,3.8,4.3,1,4,73662,0.435
322,109,9.09,3.3,4.4,1,4,64983,0.484
306,106,8.81,2.9,3.2,1,3,51925,0.545
304,101,7.84,5.0,1.9,1,2,50479,0.583
321,108,8.3,2.8,5.0,1,3,61677,0.52
313,99,8.03,2.5,3.4,1,2,46870,0.596
323,114,9.3,4.2,2.8,0,4,64714,0.462
321,104,7.78,2.7,3.9,0,2,51356,0.559
315,108,9.04,2.5,4.6,1,4,79359,0.503
306,108,9.04,2.1,3.5,1,3,62389,0.519
299,105,9.6,3.0,4.7,1,4,68762,0.511
311,110,8.25,3.4,4.5,1,3,61222,0.494
325,104,8.93,3.7,2.5,0,4,66169,0.527
318,112,9.87,4.5,2.9,0,5,85000,0.416
302,98,8.13,4.0,4.4,1,2,49409,0.589
317,107,7.58,3.3,1.1,1,2,40159,0.582
320,118,7.37,3.3,3.4,0,2,47496,0.565
306,100,8.93,4.0,2.2,1,3,63316,0.546
317,102,7.37,4.8,3.1,0,2,47334,0.59
316,110,8.28,3.6,3.2,1,3,59620,0.563
303,108,8.76,3.0,3.2,0,3,54877,0.558
319,109,8.61,2.5,3.0,1,3,63832,0.537
322,109,8.76,2.1,2.5,0,4,69757,0.457
327,110,8.63,4.2,5.0,0,4,62217,0.554
327,113,9.27,4.1,5.0,1,5,83143,0.464
300,109,7.93,4.1,2.5,0,2,53905,0.554
305,105,8.09,3.4,4.9,0,2,47065,0.6
321,111,8.04,4.9,3.1,1,3,69689,0.525
321,118,9.0,3.0,3.6,1,4,75144,0.488
321,106,9.04,4.5,3.4,1,4,74693,0.454
340,101,8.77,3.5,2.9,1,4,72358,0.47
322,113,9.21,2.9,4.4,1,4,72658,0.555
328,106,7.79,4.1,3.6,0,3,59682,0.537
326,93,9.5,3.9,3.1,1,5,83488,0.342
323,112,9.41,3.9,2.3,0,5,85000,0.455
312,103,8.94,3.6,2.7,1,4,68320,0.502
324,106,9.57,3.5,2.0,1,5,79620,0.411
307,108,7.51,5.0,3.5,1,1,31384,0.685
313,108,8.19,4.7,2.4,1,3,71228,0.502
310,111,8.06,4.2,3.3,1,2,51651,0.591
316,104,8.93,3.6,4.7,1,4,74522,0.528
340,110,7.87,4.5,4.6,1,3,55712,0.539
295,105,8.95,4.0,3.5,0,3,64116,0.484
323,111,9.32,3.5,3.4,0,4,72417,0.495
298,110,8.92,3.2,5.0,1,3,62070,0.551
310,101,8.67,3.4,4.0,0,3,56116,0.572
327,113,7.91,1.0,3.2,0,3,61801,0.512
316,103,7.99,3.7,2.2,1,2,46880,0.58
304,111,9.25,3.0,3.9,0,4,69171,0.512
308,109,8.97,5.0,4.2,0,3,64670,0.566
323,118,8.48,3.5,2.9,1,3,53311,0.53
307,105,8.25,2.3,3.8,1,2,51823,0.633
318,104,7.28,3.5,3.2,1,2,52422,0.576
316,106,7.86,2.5,3.3,1,2,44601,0.589
308,105,9.65,4.0,1.3,0,4,68898,0.492
339,111,7.73,3.8,3.3,1,3,59884,0.499
322,97,8.61,4.5,4.4,0,3,62410,0.531
293,100,9.1,2.7,2.9,0,3,60235,0.531
318,100,7.75,3.5,3.5,0,2,51167,0.576
308,112,8.61,2.1,2.8,0,3,69814,0.567
325,117,9.06,4.2,3.8,1,4,70461,0.51
307,106,8.51,4.0,3.3,1,3,52424,0.562
314,105,9.9,4.0,2.7,0,5,85000,0.428
321,107,7.5,3.5,4.7,1,2,57416,0.623
325,113,9.14,3.9,4.3,1,4,74963,0.517
302,101,8.4,5.0,3.0,0,2,43561,0.603
312,108,8.96,3.2,3.9,0,4,72380,0.473
310,112,8.76,3.6,4.0,1,3,55407,0.526
308,110,8.06,2.4,4.1,0,2,52214,0.608
335,108,8.64,2.6,2.0,0,4,66243,0.464
320,113,7.39,3.6,4.4,1,2,47499,0.575
302,92,8.86,4.6,3.0,1,3,55978,0.569
326,111,8.68,3.2,3.2,0,4,73634,0.434
339,103,8.88,3.3,5.0,1,4,71168,0.484
327,96,9.13,3.1,3.8,1,4,73883,0.516
299,110,8.72,3.0,3.2,1,3,61111,0.546
310,115,8.59,3.8,1.5,0,3,56066,0.532
329,106,7.97,2.0,4.8,1,3,64134,0.536
308,112,8.07,4.8,2.3,1,2,48756,0.608
320,116,9.21,2.8,2.6,1,4,68057,0.447
324,114,9.36,4.2,3.2,0,5,85000,0.414
305,116,8.36,2.2,4.8,1,2,51382,0.664
315,111,8.53,4.2,4.2,0,3,60233,0.528
290,107,7.96,4.2,3.4,0,1,44076,0.649
304,97,9.2,3.9,3.8,1,4,82209,0.46
313,105,8.9,2.5,3.0,0,4,72273,0.459
302,101,9.66,3.7,3.6,0,4,74736,0.472
333,120,7.97,2.3,3.6,0,3,56059,0.548
300,105,8.27,3.2,4.4,1,2,48264,0.608
311,107,8.64,4.5,4.4,0,3,60004,0.571
317,110,8.89,4.3,3.9,0,4,73924,0.45
331,107,8.37,3.5,3.2,0,4,74663,0.451
300,117,7.98,2.5,4.2,1,2,51799,0.589
328,103,9.03,4.1,3.4,0,4,74188,0.499
316,108,8.93,3.5,2.5,1,4,66946,0.451
305,102,7.95,1.2,3.1,1,2,44307,0.601
321,99,9.31,4.3,3.6,1,4,70267,0.531
318,103,9.2,3.5,4.3,0,4,71588,0.457
309,106,8.58,4.7,3.3,1,3,66253,0.529
316,104,8.55,2.4,2.4,1,3,55185,0.514
311,102,8.83,1.0,3.6,0,3,59212,0.609
317,98,7.98,3.8,3.6,1,2,53765,0.583
323,106,8.52,3.8,3.7,0,3,59500,0.594
333,97,7.21,1.8,4.3,1,2,51302,0.532
302,111,9.03,2.5,4.4,1,3,60302,0.526
339,107,7.56,5.0,3.0,0,3,62283,0.5
294,98,9.4,3.2,2.9,0,3,59857,0.519
314,105,8.3,4.2,2.6,1,3,64335,0.521
322,102,8.37,2.8,4.1,0,3,53274,0.51
319,108,8.12,1.4,4.8,1,3,59183,0.501
309,115,8.33,3.3,3.2,1,3,62482,0.568
313,95,9.35,3.2,3.3,1,4,75668,0.518
310,107,7.01,3.1,4.8,1,1,44464,0.67
309,106,9.27,3.4,4.0,1,4,71044,0.504
325,111,8.7,3.8,3.9,1,4,80397,0.486
319,108,7.78,3.3,2.4,1,2,45704,0.574
308,102,7.85,2.2,4.1,1,2,55643,0.553
325,105,9.51,4.0,2.7,1,5,85000,0.436
319,102,7.93,1.6,2.5,0,2,44432,0.542
324,113,7.81,1.4,3.2,0,2,50535,0.558
322,107,9.18,4.2,3.0,0,4,72743,0.524
306,118,8.7,4.0,3.3,1,3,64127,0.61
309,106,7.94,3.4,2.2,0,2,47883,0.593
324,102,8.63,2.1,4.4,0,4,71463,0.494
322,97,7.88,2.8,4.5,1,3,67845,0.507
315,96,9.16,3.2,1.7,1,4,72506,0.427
317,97,9.14,1.9,4.4,0,4,77132,0.489
330,108,8.82,2.8,2.8,0,4,71873,0.491
309,110,8.72,4.2,4.3,0,3,69333,0.552
322,97,9.56,4.9,3.4,0,5,81608,0.414
313,112,8.5,3.1,3.5,0,3,57929,0.565
313,104,7.79,4.3,3.3,0,2,56622,0.557
328,107,8.77,1.6,4.6,1,4,70775,0.454
325,116,9.75,4.2,2.4,1,5,85000,0.413
324,112,7.89,2.7,4.0,0,3,65459,0.523
330,105,8.28,3.8,4.5,1,3,60226,0.515
316,101,8.75,3.3,4.1,0,3,51933,0.523
323,94,8.47,4.8,5.0,0,3,60903,0.522
312,102,7.91,2.6,3.0,0,2,49508,0.571
319,105,9.17,4.1,4.4,0,4,78836,0.447
314,101,9.89,3.2,3.4,1,5,85000,0.431
317,106,8.62,3.3,4.6,1,3,57575,0.588
322,107,7.96,3.3,3.5,1,3,65005,0.527
306,105,7.57,2.7,3.2,0,1,40827,0.691
339,103,8.65,3.5,4.7,0,4,78367,0.522
304,108,9.16,3.4,3.1,0,3,63493,0.576
302,109,8.79,3.7,2.2,1,3,51287,0.541
328,100,8.5,3.6,3.0,1,4,72222,0.463
324,115,8.15,4.3,4.1,0,3,55221,0.565
322,106,7.84,4.4,4.8,1,2,47986,0.598
322,107,9.0,2.4,3.6,1,4,77900,0.424
315,111,9.05,4.4,4.7,0,4,74525,0.506
306,108,7.57,2.3,2.3,0,1,42740,0.607
316,112,9.45,4.1,3.1,1,4,74708,0.476
308,108,8.84,4.1,3.2,0,3,54508,0.547
326,103,9.34,1.6,3.4,1,5,72395,0.406
314,109,7.69,3.6,3.6,0,2,49744,0.543
306,100,7.68,3.0,4.1,1,2,47930,0.581
312,107,8.41,2.7,3.1,1,3,56115,0.558
320,106,8.8,4.9,3.6,0,4,64496,0.444
309,105,9.58,2.8,3.5,1,4,69326,0.533
306,106,8.92,2.7,2.7,0,3,60027,0.49
318,95,8.35,3.6,3.4,0,3,64329,0.586
318,103,7.88,4.2,3.4,0,2,49943,0.581
310,107,9.24,3.4,3.4,0,4,81040,0.485
310,107,7.92,4.7,3.5,1,2,43821,0.543
318,100,9.48,4.0,3.6,0,4,77405,0.492
300,114,8.33,1.3,3.1,1,2,49236,0.603
300,101,9.45,3.0,4.6,1,4,76473,0.483
308,112,8.91,2.9,2.4,0,3,58817,0.526
313,109,8.42,4.0,2.9,1,3,66358,0.509
319,103,8.19,1.0,5.0,0,3,62476,0.552
332,117,8.3,5.0,2.6,1,3,57602,0.558
325,99,8.76,4.0,2.3,0,4,72939,0.51
314,112,8.55,3.6,4.2,0,3,59802,0.529
315,113,8.14,4.7,1.6,1,3,63445,0.515
304,102,8.4,5.0,3.3,0,3,55101,0.55
315,115,8.55,4.4,5.0,0,3,60853,0.508
312,105,7.22,4.4,2.1,1,1,38976,0.607
319,108,8.77,3.6,1.7,1,4,73165,0.5
306,108,7.91,3.4,2.2,0,2,55734,0.544
321,106,7.81,3.0,4.3,1,2,52870,0.544
332,111,7.49,2.7,4.5,1,2,48962,0.653
314,111,7.42,2.8,3.0,0,2,50083,0.527
320,96,7.69,2.1,4.1,1,2,50478,0.584
323,114,8.07,3.4,4.8,0,3,63016,0.538
311,97,9.67,1.8,5.0,0,4,63871,0.406
318,113,8.18,3.7,3.3,0,3,59492,0.522
316,113,8.61,3.5,1.4,1,3,53577,0.554
317,100,8.74,3.6,2.8,1,3,67391,0.554
307,104,8.58,3.0,3.1,1,3,60695,0.558
316,100,8.45,5.0,3.3,0,3,60033,0.524
321,105,7.78,4.9,3.3,1,2,53483,0.622
331,105,9.37,2.3,4.5,1,5,85000,0.404
326,111,9.58,3.7,4.6,1,5,79356,0.4
339,114,7.49,2.9,3.3,1,3,60645,0.481
307,115,7.89,2.5,4.5,1,2,47324,0.553
325,103,8.33,2.2,3.8,0,3,52277,0.558
318,105,7.92,3.9,3.6,1,2,45548,0.555
340,96,8.8,2.8,4.3,1,4,72082,0.491
307,102,8.06,4.5,3.6,1,2,48425,0.591
306,112,9.8,4.5,5.0,0,4,65588,0.515
309,116,9.21,4.9,2.2,0,4,78758,0.529
292,99,8.63,2.6,3.0,1,2,48489,0.582
310,103,9.12,4.0,3.4,0,4,73187,0.494
307,106,9.16,4.1,3.9,1,4,75003,0.487
317,108,8.16,3.0,4.6,0,3,57059,0.523
319,102,8.01,2.7,3.5,1,3,63281,0.585
336,109,8.55,5.0,2.2,0,4,71164,0.433
326,104,9.02,3.7,4.3,0,4,68517,0.526
309,106,8.58,4.1,4.2,0,3,63867,0.56
306,110,7.55,2.7,1.8,1,1,44458,0.632
321,107,8.02,2.3,3.5,1,3,64624,0.569
301,104,8.46,2.9,2.1,0,2,53614,0.536
336,106,8.45,3.4,2.9,1,4,70396,0.454
328,106,9.68,2.4,2.7,0,5,77011,0.386
310,104,7.67,3.5,4.2,0,2,56450,0.592
297,105,8.8,1.8,3.6,0,3,71272,0.491
330,116,9.39,2.4,2.3,1,5,85000,0.436
314,110,9.86,4.2,4.3,0,5,83321,0.434
329,105,8.26,4.1,2.2,0,3,55226,0.517
298,111,8.79,3.1,3.8,0,3,55671,0.549
309,104,8.84,2.5,2.8,1,3,52581,0.531
316,114,8.62,2.5,3.2,1,3,60463,0.513
316,109,8.44,3.1,4.0,1,3,69028,0.625
311,106,8.76,4.1,4.0,1,3,60291,0.538
322,109,6.98,4.4,4.7,0,1,38511,0.586
304,97,8.91,3.0,3.4,0,3,67877,0.507
314,100,8.58,2.3,3.8,1,3,58979,0.495
317,99,8.37,3.8,3.1,0,3,71177,0.55
321,107,9.73,2.7,3.7,1,5,85000,0.441
323,117,8.1,3.0,3.9,1,3,60344,0.55
303,120,8.26,4.8,3.4,1,2,46112,0.608
299,110,9.69,4.3,1.9,1,4,76486,0.487
330,110,8.0,3.7,3.8,0,3,59262,0.521
319,96,8.17,2.2,3.8,1,3,55217,0.514
307,103,8.41,3.7,2.9,0,3,67406,0.546
333,102,9.0,4.6,2.3,1,4,79082,0.499
317,103,8.62,3.1,4.8,0,3,61777,0.558
328,105,7.72,4.9,3.9,1,3,54685,0.541
316,104,8.18,4.8,3.3,1,3,54852,0.558
338,95,8.14,5.0,2.5,1,3,61536,0.544
335,111,8.45,3.8,2.8,1,4,70500,0.486
313,100,8.76,4.1,4.7,1,3,59294,0.589
326,108,8.75,4.9,3.6,0,4,78109,0.462
323,119,7.43,3.9,3.0,0,2,52665,0.563
331,101,9.14,3.0,4.0,0,5,85000,0.373
305,92,8.65,3.1,2.8,1,3,56046,0.527
323,105,9.33,3.7,4.9,1,4,71284,0.451
327,113,8.77,2.2,4.7,1,4,76794,0.499
296,118,9.16,3.4,3.1,0,3,63240,0.552
302,99,8.78,4.6,2.9,0,3,68661,0.567
293,109,9.31,1.3,1.1,0,3,63102,0.511
313,104,8.81,5.0,2.2,0,3,70240,0.539
323,106,8.44,4.6,2.3,1,3,63700,0.577
332,120,9.86,3.0,3.6,1,5,85000,0.498
316,97,9.03,4.0,3.2,1,4,71382,0.455
333,108,8.84,3.5,2.3,1,4,73071,0.488
300,109,7.73,4.7,3.2,1,1,41554,0.674
297,113,7.73,4.5,4.0,1,1,45064,0.68
315,107,8.68,2.1,4.0,0,3,64646,0.531
320,108,8.59,4.1,1.8,0,3,60584,0.577
315,104,8.13,3.3,3.4,0,3,67886,0.46
293,108,8.58,3.6,2.3,0,2,38040,0.586
315,104,9.45,2.8,4.3,1,4,65888,0.51
301,110,8.92,5.0,4.2,1,3,64408,0.575
323,104,7.82,4.5,2.7,0,2,49070,0.634
320,109,8.43,2.8,2.8,1,3,64027,0.572
305,106,8.02,2.2,3.1,1,2,49322,0.576
310,113,8.27,3.1,1.5,1,3,63854,0.56
304,106,8.25,3.9,3.8,1,2,44927,0.584
315,96,8.21,3.7,3.3,1,3,63852,0.548
326,114,7.75,4.8,4.4,1,2,53972,0.67
305,101,8.42,4.3,2.5,1,3,67102,0.561
321,103,8.16,4.5,2.9,0,3,71067,0.528
310,103,6.74,3.8,2.1,1,1,38220,0.608
307,115,9.73,2.1,2.6,1,4,74369,0.453
314,94,9.15,3.3,2.4,1,4,65384,0.478
304,120,8.27,4.6,4.4,1,2,46342,0.591
309,113,8.51,3.4,2.9,0,3,60034,0.509
302,108,7.8,4.0,3.6,0,2,54251,0.546
337,106,9.52,3.2,3.2,0,5,81944,0.415
316,108,9.64,2.5,2.4,1,5,85000,0.417
308,110,8.59,3.4,3.3,0,3,60991,0.543
318,110,9.11,3.8,4.0,0,4,72114,0.471
314,110,8.61,2.8,2.4,1,3,62244,0.57
313,107,7.7,3.3,4.2,1,2,47044,0.584
322,105,8.25,2.6,2.7,1,3,58854,0.502
324,106,8.58,4.6,3.1,0,4,64476,0.475
310,105,8.23,3.2,4.0,0,3,59760,0.58
309,113,8.37,5.0,2.9,1,3,58600,0.551
312,110,8.45,5.0,3.5,0,3,58420,0.531
290,92,8.45,3.4,3.2,1,2,51084,0.54
299,110,8.53,2.5,3.6,1,2,52293,0.602
331,108,7.86,1.4,1.4,0,3,62160,0.509
334,106,8.07,2.0,1.9,0,3,65977,0.505
313,104,7.73,2.1,4.1,1,2,51877,0.532
322,113,9.09,4.9,4.4,1,4,71524,0.481
319,112,7.24,3.6,2.7,1,2,46685,0.618
340,102,9.19,3.9,3.3,1,5,85000,0.467
328,109,9.33,1.3,3.8,0,5,85000,0.384
314,101,8.32,2.3,4.1,0,3,67989,0.54
305,98,6.94,4.4,1.7,0,1,42955,0.579
298,103,8.28,3.8,2.7,1,2,46292,0.636
318,112,8.46,3.4,3.2,0,3,60489,0.546
307,112,7.89,4.1,4.1,1,2,52355,0.629
300,110,8.19,5.0,5.0,0,2,54339,0.558
308,111,9.42,3.3,3.3,0,4,77694,0.509
304,110,8.9,3.6,2.2,0,3,60680,0.54
334,103,7.95,3.7,3.9,1,3,54729,0.558
325,109,7.54,5.0,4.7,1,2,44005,0.632
315,111,8.3,1.4,3.6,1,3,62363,0.528
332,111,8.37,4.2,2.7,0,4,74711,0.448
316,114,8.8,3.4,4.4,1,3,55506,0.587
306,111,8.18,4.1,4.1,1,2,49222,0.609
332,109,8.81,2.8,2.6,1,4,76156,0.453
321,113,9.66,3.5,3.8,0,5,79243,0.405
304,106,8.99,4.2,4.4,1,3,66524,0.515
313,101,8.47,5.0,4.6,0,3,59112,0.526
306,106,8.39,4.3,3.4,0,3,67288,0.561
300,102,8.29,2.7,3.2,0,2,46332,0.592
326,102,9.21,3.1,4.6,1,4,67866,0.481
337,106,8.12,3.0,2.4,1,3,58709,0.557
300,102,8.53,1.7,3.9,1,3,60524,0.495
322,105,8.53,3.2,2.3,1,3,59057,0.541
308,95,8.2,4.2,4.5,1,2,47919,0.597
310,108,7.68,2.2,3.3,0,2,50669,0.596
309,107,8.69,4.5,4.6,1,3,60144,0.507
306,102,8.46,4.0,3.9,0,3,60669,0.502
316,110,8.8,2.8,2.4,1,3,52453,0.498
306,112,8.18,3.4,4.8,0,2,50958,0.599
318,97,9.23,5.0,4.9,0,4,72553,0.53
315,102,7.97,4.2,4.3,0,2,57051,0.583
313,102,9.53,3.5,2.8,0,4,68302,0.473
306,101,7.45,3.3,3.2,0,1,27958,0.666
309,111,8.76,3.6,3.6,0,3,64090,0.578
324,105,8.79,3.0,2.9,1,4,74732,0.469
321,105,8.02,1.4,5.0,1,3,55957,0.542
305,94,8.75,5.0,3.6,1,3,53351,0.508
317,110,9.27,3.7,1.1,1,4,80686,0.526
324,99,7.17,3.9,3.8,1,2,56070,0.635
297,107,8.8,3.4,3.2,1,3,48562,0.553
321,108,7.0,2.8,3.4,1,1,34708,0.579
308,115,7.92,3.3,3.2,1,2,57320,0.58
322,99,9.48,1.9,4.2,1,5,82619,0.432
307,92,8.15,5.0,4.5,0,2,46546,0.583
296,108,7.8,2.3,3.8,1,1,35586,0.693
298,117,8.38,2.5,3.2,0,2,43395,0.618
316,114,9.74,3.1,3.5,1,5,76476,0.414
318,108,7.4,4.8,3.5,0,2,54262,0.582
306,104,7.87,3.5,2.8,0,2,39785,0.551
323,111,9.4,2.3,4.0,0,5,85000,0.412
297,101,9.61,4.8,3.9,0,4,77432,0.474
315,109,8.44,4.2,4.9,1,3,53743,0.586
302,110,7.76,4.0,4.6,0,2,44378,0.651
308,113,9.76,4.2,2.9,0,4,79065,0.464
316,120,9.46,5.0,4.2,0,4,75664,0.459
306,109,8.91,5.0,2.6,0,3,57913,0.543
311,103,8.01,2.8,4.1,1,2,55011,0.549
327,106,8.47,5.0,3.0,0,3,67032,0.549
309,96,8.4,3.9,2.6,1,3,62345,0.543
325,102,8.7,4.0,3.8,0,4,68499,0.516
303,104,9.37,1.8,1.1,1,4,70932,0.47
321,103,9.03,3.3,1.9,0,4,74431,0.463
331,107,7.85,2.7,3.3,1,3,60057,0.462
290,102,9.33,4.3,3.6,1,3,65694,0.557
307,113,8.69,4.6,3.2,0,3,53351,0.549
322,107,8.91,1.4,2.1,0,4,65528,0.479
313,106,9.38,3.5,2.8,0,4,73904,0.464
320,105,7.83,4.6,3.9,1,2,46542,0.59
309,107,8.48,3.3,4.0,1,3,57864,0.493
316,111,8.18,4.2,3.5,0,3,52159,0.462
314,101,7.56,3.9,4.5,0,2,49097,0.546
328,103,8.71,3.8,3.9,0,4,72736,0.427
318,105,9.9,3.2,2.8,1,5,85000,0.442
319,98,7.4,2.3,3.2,0,2,49344,0.544
311,102,8.48,2.4,2.2,1,3,60336,0.505
310,104,8.88,4.2,3.4,1,3,66885,0.523
311,112,8.57,3.5,4.5,1,3,54437,0.453
320,108,8.43,3.4,4.1,1,3,63681,0.59
311,108,7.72,3.1,4.8,0,2,40644,0.557
319,112,8.64,3.2,3.2,1,3,56808,0.538
338,106,8.05,4.5,4.7,1,3,54936,0.506
325,109,7.19,3.2,3.3,1,2,52909,0.604
312,106,9.22,2.2,4.8,1,4,72672,0.491
329,108,9.08,4.2,3.5,0,4,72932,0.469
311,103,8.53,3.3,4.1,1,3,55466,0.526
293,92,8.64,3.5,4.8,1,2,47501,0.655
304,106,9.14,5.0,3.3,0,3,57182,0.557
295,115,8.63,3.5,3.7,0,2,50917,0.608
312,112,9.04,3.8,4.7,0,4,68044,0.459
316,112,8.32,2.3,3.4,1,3,67648,0.475
334,114,9.29,3.3,2.3,0,5,76622,0.415
319,107,8.69,4.1,5.0,0,3,56967,0.567
313,108,8.62,1.9,3.1,0,3,69386,0.563
325,103,7.74,3.7,3.6,0,2,46824,0.523
291,105,8.67,3.6,4.5,1,2,42425,0.58
318,110,8.0,3.5,3.0,0,3,62095,0.501
324,114,8.12,4.5,2.6,1,3,58623,0.538
299,106,8.01,3.8,3.7,1,2,44820,0.587
328,104,7.86,5.0,1.9,1,3,55520,0.518
319,107,9.77,2.5,3.2,1,5,85000,0.44
311,110,9.3,3.6,3.7,0,4,71742,0.462
322,98,9.65,3.6,3.3,0,5,75372,0.447
340,93,7.77,2.4,2.1,0,3,68468,0.514
318,103,8.54,4.5,4.9,0,3,64055,0.539
318,99,7.72,5.0,3.6,1,2,45167,0.641
310,103,8.08,3.5,4.8,1,2,44334,0.65
306,106,7.95,4.0,3.3,0,2,52367,0.616
325,104,9.24,3.6,2.7,0,4,71765,0.396
306,115,8.26,2.8,3.7,1,2,39370,0.656
316,108,9.14,1.7,3.3,0,4,81936,0.497
310,108,8.86,2.8,2.4,1,3,58830,0.604
321,110,9.88,2.1,4.8,1,5,85000,0.48
319,100,7.61,5.0,2.9,1,2,55392,0.634
327,113,9.26,3.4,1.8,1,5,79994,0.442
310,106,9.19,3.2,4.7,0,4,78165,0.524
313,111,7.92,4.4,3.0,0,2,45742,0.656
305,100,9.1,2.4,3.0,1,3,51666,0.55
311,97,8.7,2.7,1.9,0,3,58877,0.473
320,111,8.36,3.6,5.0,0,3,62988,0.536
324,109,8.01,4.5,2.3,1,3,58686,0.54
305,101,8.07,4.0,3.6,1,2,47464,0.596
325,101,9.73,3.7,4.3,0,5,85000,0.395
330,113,8.5,3.6,3.9,0,4,73532,0.425
320,99,8.97,3.9,3.4,0,4,68783,0.451
336,116,8.03,3.7,2.0,1,3,64510,0.563
307,101,8.03,2.5,2.8,0,2,49988,0.625
302,110,9.15,3.5,3.7,1,3,48391,0.588
296,105,7.69,2.4,2.8,1,1,39141,0.675
332,110,8.25,3.6,3.7,1,3,62959,0.545
323,103,8.52,3.0,4.1,1,3,61100,0.492
315,106,8.57,5.0,4.4,1,3,65458,0.541
319,107,8.39,3.5,2.4,1,3,57638,0.526
303,100,8.74,2.1,5.0,1,3,62682,0.521
340,111,8.92,3.4,4.2,0,5,77165,0.419
317,103,8.94,4.0,3.5,1,4,75035,0.492
317,105,7.91,5.0,4.5,1,2,58765,0.635
323,101,8.33,2.9,5.0,1,3,56025,0.531
321,92,9.22,1.9,2.2,1,4,69200,0.41
318,105,9.04,4.3,3.3,0,4,69449,0.466
307,120,7.68,2.1,1.4,1,2,49649,0.577
321,111,8.71,3.1,3.7,0,4,67684,0.508
336,106,7.31,3.2,3.8,1,2,51106,0.571
330,105,8.53,3.4,3.5,1,4,77234,0.486
333,107,9.64,4.2,2.9,0,5,85000,0.444
310,110,7.93,2.8,1.7,0,2,40157,0.581
305,99,8.0,3.2,3.8,1,2,53975,0.615
314,113,8.96,3.5,4.8,0,4,77686,0.465
316,111,7.57,3.6,3.0,1,2,53150,0.568
328,111,8.12,3.6,3.9,0,3,62864,0.536
297,109,8.86,3.9,2.1,0,3,62100,0.514
332,107,8.12,4.3,3.9,0,3,66161,0.554
314,111,8.36,3.9,3.1,0,3,70617,0.511
311,110,8.95,4.0,2.8,1,3,56234,0.564
304,104,8.75,1.9,2.8,0,3,66390,0.521
297,103,8.66,3.6,3.1,1,3,60568,0.536
325,107,8.3,4.0,3.8,1,3,60351,0.53
316,116,8.72,4.2,2.3,1,3,53317,0.545
301,99,8.43,2.8,3.1,1,2,47576,0.598
301,98,8.77,2.8,3.5,0,3,56013,0.531
312,107,8.2,2.9,2.5,0,3,58680,0.513
334,107,8.39,4.0,5.0,0,4,67509,0.527
313,108,7.91,4.5,2.7,1,2,46755,0.568
299,108,8.48,3.1,2.9,1,2,46969,0.602
313,105,8.01,4.4,2.6,0,2,49483,0.546
313,115,7.83,3.6,5.0,1,2,40926,0.618
290,97,8.66,3.4,4.0,0,2,41772,0.564
315,102,8.63,3.3,2.7,0,3,62809,0.523
313,106,8.97,4.2,4.5,0,4,69012,0.47
323,97,8.24,3.8,3.7,1,3,66372,0.539
336,105,8.74,5.0,3.7,0,4,74126,0.471
328,116,8.83,2.6,3.2,1,4,76033,0.467
313,107,8.77,4.0,2.8,0,3,68053,0.587
303,108,8.0,3.0,3.8,1,2,47451,0.6
340,99,8.59,2.6,3.0,1,4,70127,0.452
316,103,8.72,3.5,5.0,1,3,65358,0.547
316,104,8.5,3.6,2.4,0,3,63547,0.578
315,105,7.25,5.0,4.9,1,1,36063,0.657
318,114,8.6,3.3,3.4,1,3,67957,0.531
314,110,9.83,2.4,3.8,1,5,83938,0.411
309,100,8.28,3.8,4.2,0,3,61163,0.505
309,108,8.06,1.4,2.9,0,2,49106,0.563
315,109,8.72,3.4,4.3,0,3,56327,0.511
310,113,8.69,3.5,1.1,0,3,61387,0.499
308,116,9.22,4.3,2.9,1,4,79983,0.468
317,100,7.75,4.5,2.7,1,2,51224,0.605
313,102,8.94,3.0,2.4,0,4,73155,0.448
332,99,8.85,3.3,3.3,1,4,72191,0.472
290,105,8.41,2.7,3.8,1,2,50654,0.633
328,109,8.7,2.4,4.1,1,4,76748,0.516
329,112,9.12,3.8,3.7,1,4,76046,0.494
293,106,9.02,2.2,2.9,1,3,59340,0.516
312,105,7.81,3.1,3.8,1,2,50623,0.563
311,107,8.99,2.5,3.6,1,4,75399,0.494
300,101,8.46,4.0,4.3,1,2,43964,0.604
307,119,8.54,5.0,4.2,1,3,61841,0.546
303,97,8.54,2.2,3.5,1,3,50193,0.494
335,108,8.41,1.6,2.7,1,4,75412,0.436
326,119,9.22,3.4,2.9,0,4,76301,0.509
329,107,8.45,3.5,3.0,1,4,76737,0.427
323,105,7.83,3.7,3.2,0,2,47024,0.623
303,104,8.26,3.1,3.7,0,2,50545,0.578
310,105,8.61,3.3,4.1,0,3,68119,0.532
321,115,9.24,3.9,3.5,1,4,80068,0.463
302,93,8.86,4.5,3.5,1,3,60854,0.539
323,116,7.99,1.5,3.6,1,3,61696,0.514
313,98,9.9,3.1,3.0,0,5,85000,0.417
311,105,8.66,3.7,2.7,1,3,53495,0.584
323,104,9.27,2.6,1.9,0,4,71384,0.483
320,110,8.41,5.0,2.9,0,3,67677,0.519
312,97,8.82,2.9,3.9,1,3,65876,0.521
328,109,9.0,3.5,2.9,1,4,74846,0.507
304,119,9.23,4.1,3.3,0,4,65470,0.528
322,98,9.13,2.9,3.9,1,4,72750,0.491
322,108,9.02,1.7,4.0,1,4,70050,0.502
312,103,8.31,3.1,2.5,0,3,62655,0.534
319,109,8.16,4.5,4.4,1,3,56953,0.584
302,107,8.7,3.2,4.5,0,3,55871,0.479
326,103,9.06,2.7,2.5,0,4,62675,0.494
313,109,8.37,4.4,2.8,0,3,67109,0.561
310,117,9.14,3.2,4.6,1,4,71001,0.455
327,105,9.37,3.0,3.4,1,5,85000,0.393
308,111,7.95,3.6,1.5,1,2,48988,0.562
300,99,8.0,4.3,2.2,1,2,43662,0.559
298,101,8.42,5.0,3.3,1,2,42704,0.592
322,109,8.68,4.3,2.5,1,4,67973,0.481
301,115,8.19,4.7,3.1,1,2,45384,0.635
335,109,9.31,3.0,3.5,1,5,85000,0.459
293,105,8.75,2.5,4.8,0,3,57021,0.504
334,106,8.52,3.6,3.2,1,4,81732,0.448
318,99,7.64,3.6,4.5,1,2,54135,0.627
314,110,7.71,2.4,4.8,0,2,53041,0.606
310,112,8.67,3.3,4.8,0,3,60401,0.551
320,104,7.22,3.9,3.8,1,2,56571,0.588
315,104,9.11,3.9,1.7,1,4,71909,0.475
328,108,8.41,4.0,3.9,0,3,60843,0.563
317,104,9.9,3.8,4.4,0,5,85000,0.427
317,106,9.88,3.0,3.4,0,5,85000,0.437
312,119,8.39,3.0,5.0,0,3,64184,0.499
315,105,8.44,2.3,4.3,1,3,58624,0.514
319,104,9.1,5.0,4.0,1,4,70335,0.475
297,103,9.52,3.5,4.5,1,4,76199,0.479
301,111,7.52,3.3,3.8,0,1,40576,0.622
324,105,7.43,2.6,1.3,0,2,47033,0.546
317,103,8.13,5.0,3.1,0,3,53064,0.479
313,114,8.85,2.4,4.6,1,3,59963,0.576
316,115,8.8,3.1,2.8,1,3,64117,0.552
319,103,9.14,3.9,3.3,1,4,82027,0.436
310,95,7.78,4.1,2.6,0,2,43010,0.547
307,113,7.11,4.5,5.0,0,1,34867,0.662
318,102,9.01,5.0,5.0,1,4,71052,0.478
305,111,8.0,4.0,2.7,1,2,55779,0.574
320,95,7.29,2.4,3.6,1,2,48825,0.559
297,112,8.59,3.2,2.9,1,2,44463,0.621
327,99,8.98,3.8,4.1,0,4,75793,0.439
321,111,8.43,5.0,4.0,1,3,58976,0.572
318,107,8.23,2.1,4.2,0,3,54878,0.5
326,101,8.4,4.7,3.8,0,3,56536,0.542
334,104,8.28,3.7,5.0,0,4,81670,0.466
327,111,7.69,4.3,2.6,1,2,50921,0.584
295,107,8.07,3.4,2.0,0,2,49538,0.545
301,110,8.81,2.7,3.1,1,3,59750,0.531
309,118,8.69,4.3,2.1,1,3,62460,0.599
316,97,8.6,4.2,2.2,1,3,62401,0.493
321,116,7.9,4.5,2.6,1,2,50460,0.66
308,107,8.39,3.5,2.7,1,3,61574,0.519
318,101,7.19,2.9,2.6,1,1,41343,0.639
307,99,8.61,1.9,4.0,0,3,61115,0.49
309,105,9.36,4.3,3.0,1,4,68110,0.467
300,112,7.62,3.9,3.3,0,1,33937,0.64
305,106,8.15,2.5,4.3,0,2,39104,0.561
301,116,8.7,3.0,2.8,1,3,71134,0.534
305,98,9.25,3.0,3.3,0,4,77313,0.455
327,106,8.23,2.0,3.8,1,3,56849,0.587
305,99,8.08,2.7,1.8,1,2,47590,0.542
340,109,7.32,2.4,1.4,1,2,45815,0.581
321,112,8.56,3.1,3.8,0,3,68712,0.554
318,104,9.73,2.8,3.9,1,5,77900,0.396
306,92,8.67,1.9,5.0,0,3,61572,0.544
323,108,8.49,5.0,3.6,1,3,60457,0.543
309,109,8.69,4.8,4.2,0,3,65134,0.476
317,109,8.49,2.7,3.3,1,3,60479,0.558
340,114,8.01,3.8,3.8,0,3,52208,0.51
314,100,8.99,3.9,5.0,0,4,71744,0.447
328,111,8.64,4.7,1.6,0,4,68139,0.491
308,114,8.51,2.7,3.9,0,3,61397,0.524
315,96,7.91,4.6,5.0,0,2,56170,0.624
335,108,9.28,3.0,3.8,1,5,76302,0.463
309,103,8.9,2.2,5.0,1,3,56998,0.531
335,106,8.17,4.2,2.9,1,3,58236,0.566
323,109,9.1,4.8,3.5,1,4,71091,0.476
309,104,8.2,5.0,3.5,1,2,52700,0.676
322,102,8.03,2.3,1.5,1,3,60132,0.486
326,107,8.04,4.2,2.4,1,3,63079,0.559
322,100,7.44,3.1,2.5,0,2,45871,0.591
298,100,8.78,4.3,4.2,1,3,62149,0.551
308,111,7.4,2.0,4.3,0,1,40888,0.626
313,100,7.76,2.2,3.8,1,2,45338,0.574
315,110,7.25,2.7,4.2,0,1,40906,0.583
322,109,8.45,3.6,3.4,0,3,61261,0.547
317,96,8.41,2.9,4.6,1,3,66227,0.542
301,102,8.3,4.2,3.5,1,2,47992,0.606
320,114,7.87,4.5,3.6,1,2,50906,0.521
322,101,7.8,4.1,3.3,1,2,48796,0.557
322,104,8.78,5.0,4.1,0,4,72518,0.458
327,109,8.17,3.9,3.1,0,3,62294,0.542
325,111,8.69,2.3,4.4,1,4,75684,0.486
321,105,7.97,4.9,2.5,1,3,54752,0.519
315,103,8.61,2.9,2.5,1,3,68168,0.553
297,115,9.28,4.4,4.1,1,3,51701,0.542
320,117,8.85,5.0,3.4,0,4,69575,0.507
318,112,8.25,4.0,3.1,1,3,60528,0.552
318,107,8.65,2.0,4.3,1,3,63061,0.557
301,102,8.36,2.6,3.0,1,2,56880,0.588
304,102,8.5,4.8,3.3,1,3,51708,0.589
327,110,8.3,3.3,4.8,0,3,58461,0.559
315,109,8.4,3.6,4.9,1,3,50365,0.517
323,115,8.63,4.3,4.9,0,4,73158,0.492
316,110,7.9,4.2,3.2,0,2,50358,0.62
316,97,7.89,3.8,4.6,1,2,56953,0.578
326,113,7.67,3.3,2.6,1,2,49603,0.628
310,101,7.54,3.2,2.7,0,2,54220,0.575
317,104,7.77,4.4,1.4,0,2,51919,0.509
310,108,8.6,4.1,5.0,0,3,58823,0.556
311,118,7.96,3.2,2.7,1,2,41955,0.588
312,120,8.81,4.6,3.4,0,3,62375,0.578
318,110,8.52,3.4,2.7,1,3,53539,0.57
310,105,7.32,2.6,4.1,0,1,43476,0.648
329,110,8.89,2.7,3.2,0,4,72189,0.529
306,112,8.99,2.5,2.3,1,3,66975,0.542
313,105,7.9,3.2,3.9,0,2,46598,0.608
311,117,8.75,4.7,2.2,1,3,62344,0.58
331,108,7.99,2.7,2.7,0,3,62046,0.517
318,109,8.56,3.7,1.6,1,3,60774,0.562
327,110,7.74,2.8,2.2,0,3,58836,0.489
299,109,7.42,3.2,3.7,1,1,38962,0.634
318,112,8.27,2.0,1.7,0,3,56369,0.477
325,103,8.43,3.3,2.2,1,3,54952,0.542
316,103,8.26,3.3,3.5,1,3,67214,0.537
327,100,7.79,4.0,3.0,1,3,64635,0.551
310,109,8.26,3.7,5.0,0,3,61329,0.556
331,111,8.66,2.3,5.0,1,4,81325,0.475
340,109,8.47,4.6,2.7,0,4,71661,0.441
312,117,8.61,3.7,4.0,1,3,67613,0.568
311,106,8.1,3.7,4.2,0,2,49877,0.634
331,111,9.2,3.5,3.0,1,5,79876,0.444
333,100,7.79,3.0,2.2,1,3,70240,0.543
310,104,8.79,3.7,3.5,1,3,65953,0.541
311,111,9.21,4.0,3.3,1,4,72394,0.477
312,112,8.79,1.8,3.1,1,3,64635,0.522
301,105,8.38,3.0,3.9,1,2,46981,0.602
305,106,8.18,3.2,2.8,0,2,53145,0.587
304,97,9.12,3.8,2.5,0,3,49044,0.547
307,104,7.65,4.7,3.6,0,2,43900,0.576
315,112,7.92,2.7,3.8,1,2,53896,0.595
318,110,8.26,3.0,2.4,0,3,59751,0.5
333,110,9.24,3.0,4.3,1,5,85000,0.456
305,107,8.73,2.7,1.9,0,3,54266,0.528
326,107,7.92,3.2,3.0,1,3,70239,0.516
313,103,8.31,4.3,3.3,1,3,66952,0.509
315,111,8.13,2.4,2.9,1,3,59996,0.481
323,109,8.07,3.9,3.0,0,3,58976,0.565
303,109,9.09,1.8,5.0,1,3,66148,0.573
320,103,7.68,2.9,2.7,0,2,58912,0.528
317,94,9.47,3.2,5.0,1,4,77768,0.519
321,113,9.0,5.0,3.9,0,4,83859,0.522
319,104,9.15,3.2,3.6,0,4,68388,0.485
340,101,8.22,1.3,3.9,1,4,68903,0.502
308,111,8.41,1.5,5.0,1,3,55055,0.539
310,104,7.64,3.5,2.6,0,2,51208,0.528
309,113,8.19,4.1,2.5,1,2,49878,0.618
309,110,8.8,3.9,2.8,1,3,60240,0.557
308,111,9.28,3.7,3.5,0,4,77046,0.468
329,98,7.84,4.7,1.9,0,3,67161,0.527
331,114,8.28,3.0,3.5,1,3,53371,0.497
309,108,8.41,4.4,5.0,0,3,58015,0.57
306,104,7.66,1.9,3.6,1,2,53100,0.544
321,107,8.85,2.6,3.2,1,4,70661,0.444
309,96,8.07,1.7,2.9,0,2,45008,0.57
322,109,8.38,3.2,4.3,1,3,66092,0.558
318,100,8.23,3.5,2.8,1,3,54552,0.528
299,98,8.03,3.6,5.0,0,2,47492,0.563
333,97,8.5,3.6,5.0,0,4,74643,0.454
335,113,8.37,2.6,3.7,0,4,70130,0.433
309,103,8.28,3.3,3.5,0,3,64915,0.511
311,116,8.06,2.0,4.4,0,2,46155,0.632
319,103,8.69,4.9,4.5,1,3,68043,0.56
319,96,9.49,3.2,2.8,1,5,84371,0.435
323,100,8.58,3.0,3.0,0,3,64356,0.578
338,114,9.1,5.0,2.3,1,5,85000,0.411
314,106,7.67,2.3,3.9,0,2,45862,0.571
307,103,8.59,2.4,4.1,0,3,50732,0.593
300,107,7.84,2.4,2.3,1,2,50803,0.615
307,110,7.61,3.4,3.1,0,2,49361,0.524
315,113,8.06,3.9,2.3,1,2,51779,0.616
335,115,9.22,4.2,2.7,1,5,83867,0.43
310,104,9.07,5.0,4.0,0,4,70847,0.507
318,99,8.65,1.3,2.8,1,3,71042,0.505
315,104,7.58,4.1,3.2,1,2,41638,0.558
329,108,8.38,2.9,2.0,1,3,64669,0.516
340,101,8.68,2.9,3.7,0,4,70126,0.457
310,101,8.61,2.9,3.5,0,3,59321,0.553
310,109,7.39,2.6,2.8,0,1,35414,0.606
327,106,7.97,5.0,3.3,0,3,56982,0.51
323,107,8.46,4.3,3.7,1,3,63856,0.496
336,102,8.82,3.5,2.8,0,4,79953,0.507
322,105,7.18,4.9,2.2,0,2,51350,0.605
312,101,8.4,2.0,5.0,1,3,61516,0.52
322,112,8.59,2.2,2.9,1,3,56067,0.535
328,113,9.01,1.3,3.4,0,4,75584,0.493
325,95,8.92,2.8,4.4,0,4,83781,0.515
321,101,8.85,3.7,5.0,0,4,71096,0.49
327,98,8.02,3.6,2.4,0,3,59120,0.492
328,103,7.36,3.6,3.9,1,2,46194,0.535
331,106,8.26,2.1,2.9,0,3,58552,0.494
323,98,9.1,4.3,3.0,1,4,59273,0.487
314,101,9.34,3.7,2.9,1,4,75025,0.467
317,100,8.93,4.2,2.5,0,4,68772,0.473
329,108,8.76,1.6,3.5,1,4,64948,0.456
307,107,8.73,3.8,2.2,0,3,64765,0.502
320,102,8.17,2.3,4.4,1,3,55589,0.49
311,108,8.42,3.1,3.5,1,3,59306,0.58
316,103,9.5,4.0,3.9,1,4,80332,0.529
330,105,7.93,3.6,3.1,1,3,53953,0.578
318,117,9.47,2.6,3.2,1,4,65337,0.52
316,115,8.31,3.5,3.8,1,3,62346,0.529
301,99,9.3,2.0,2.5,0,4,78747,0.498
324,111,7.66,4.7,3.2,1,2,41128,0.601
323,111,8.85,3.3,2.7,1,4,75038,0.486
339,100,8.06,4.6,2.7,0,3,63904,0.53
312,111,7.65,3.0,1.6,0,2,38704,0.483
318,116,8.63,3.0,4.7,1,3,64992,0.607
318,100,9.11,2.7,2.9,0,4,77383,0.484
333,101,7.99,4.4,4.5,0,3,59441,0.543
314,113,7.6,2.8,4.5,1,2,55261,0.589
319,108,8.44,4.1,2.3,1,3,66682,0.544
322,110,8.45,3.1,2.5,0,3,61515,0.517
318,109,8.83,1.5,5.0,0,4,70742,0.489
311,109,9.07,2.9,5.0,0,4,68135,0.443
318,99,8.46,2.3,3.5,1,3,60812,0.534
327,113,9.61,3.5,3.7,1,5,85000,0.457
304,114,8.63,2.3,2.9,0,3,59379,0.524
317,105,8.29,4.4,3.9,1,3,50012,0.55
308,106,7.53,3.4,2.9,1,2,55343,0.543
329,97,8.34,3.3,1.7,0,3,61951,0.492
299,110,8.3,4.2,2.3,1,2,47101,0.608
309,110,9.08,4.5,3.5,0,4,77285,0.502
320,106,8.78,3.5,2.5,0,4,80623,0.409
333,113,7.79,2.7,3.4,1,3,46990,0.542
315,104,8.6,1.7,2.5,0,3,63171,0.507
309,110,8.9,2.8,2.8,1,3,53866,0.542
336,100,9.42,2.9,4.3,0,5,85000,0.383
300,106,9.03,3.6,3.7,1,3,61639,0.526
291,105,8.96,3.2,3.5,1,3,64178,0.567
320,108,8.54,4.2,4.3,0,3,58503,0.55
310,104,8.73,2.9,3.9,1,3,51633,0.531
304,106,9.25,3.4,4.8,0,4,70748,0.479
323,111,7.7,4.7,3.1,1,2,51034,0.617
318,104,8.29,3.8,3.1,1,3,66076,0.545
309,97,8.04,3.4,2.3,1,2,43140,0.581
301,117,8.73,2.9,3.1,1,3,66135,0.576
325,115,9.24,2.9,4.4,1,4,69760,0.535
323,99,8.14,2.6,4.7,0,3,62812,0.535
314,111,7.07,3.0,4.4,0,1,34450,0.645
336,103,8.25,4.3,1.9,0,4,73910,0.474
304,108,9.05,3.3,4.5,0,3,65459,0.564
299,108,8.82,2.2,1.8,1,3,54864,0.559
308,105,8.76,5.0,4.3,0,3,57600,0.578
315,102,8.33,3.8,3.2,1,3,61924,0.499
318,102,7.73,2.1,4.1,0,2,61007,0.546
313,101,8.81,3.1,2.3,1,3,56684,0.518
319,102,8.0,3.6,4.6,0,3,71200,0.55
302,106,9.81,5.0,2.2,0,4,83022,0.452
331,102,8.84,2.4,2.9,0,4,72513,0.48
315,111,8.15,4.5,2.6,0,3,59509,0.536
328,115,8.13,4.9,1.9,0,3,57539,0.571
319,103,8.44,2.9,3.6,0,3,60658,0.536
321,108,8.36,3.2,5.0,1,3,53966,0.506
322,109,9.17,2.5,5.0,1,4,72618,0.468
320,109,8.61,3.3,3.6,1,3,68484,0.515
323,107,8.06,3.5,4.5,1,3,57944,0.518
330,111,9.63,4.2,3.7,1,5,83796,0.439
318,109,8.53,4.6,3.9,1,3,52494,0.518
323,99,8.96,2.8,3.2,1,4,74870,0.518
315,112,8.14,1.5,3.7,0,3,62322,0.477
331,112,8.72,3.5,4.0,0,4,73318,0.523
308,102,8.69,3.8,3.0,1,3,59915,0.574
335,107,7.37,3.7,3.4,1,2,47536,0.618
315,111,9.71,3.2,3.4,1,5,85000,0.41
300,105,9.27,3.6,4.2,1,3,60855,0.573
317,113,8.26,5.0,2.5,0,3,62574,0.497
308,120,7.84,3.9,3.5,1,2,50074,0.629
325,102,8.71,3.1,5.0,0,4,78617,0.471
308,98,8.55,3.0,4.5,0,3,64384,0.515
311,108,8.71,3.3,4.7,0,3,61964,0.51
295,111,8.61,5.0,3.5,1,2,56592,0.547
311,105,8.8,3.3,3.8,0,3,63101,0.513
290,115,9.37,3.5,4.4,1,3,67524,0.602
298,98,8.84,3.0,4.9,1,3,64034,0.527
324,111,7.87,4.6,1.7,1,3,51790,0.517
324,103,9.32,5.0,2.3,1,4,79524,0.518
320,117,9.48,4.0,4.7,1,5,85000,0.495
305,118,9.9,3.6,3.3,1,5,84740,0.478
315,102,7.83,3.5,2.9,0,2,50406,0.553
315,103,8.65,1.1,2.4,0,3,59275,0.463
303,112,7.25,4.2,3.0,1,1,38135,0.718
332,104,8.83,3.6,2.2,1,4,70040,0.546
325,106,8.17,3.9,5.0,0,3,67371,0.544
313,107,9.65,2.8,3.5,1,4,72432,0.464
316,95,8.04,3.1,3.4,0,2,47087,0.615
318,106,7.49,3.1,4.0,0,2,44375,0.574
293,102,8.22,4.5,4.4,1,2,50343,0.595
313,104,7.31,3.1,4.4,1,1,37935,0.679
308,115,8.95,5.0,4.5,1,3,62942,0.583
304,99,7.26,3.9,2.9,1,1,31863,0.6
312,111,8.52,2.2,3.2,1,3,52994,0.525
335,105,7.25,3.4,4.2,0,2,52127,0.602
323,105,8.31,2.8,3.0,1,3,68423,0.547
309,111,9.49,1.3,3.5,1,4,67868,0.496
322,109,8.72,5.0,3.9,0,4,80947,0.509
331,110,7.98,4.2,4.2,1,3,62419,0.53
326,112,8.48,4.0,1.9,1,3,60964,0.552
316,105,8.51,3.7,4.1,1,3,59012,0.443
308,103,8.78,2.1,3.3,1,3,54077,0.522
323,100,7.68,3.0,4.1,0,2,53938,0.606
320,102,8.86,4.3,4.2,1,4,69121,0.47
325,120,6.88,2.4,4.9,0,1,33100,0.637
322,114,8.12,1.0,4.7,1,3,65959,0.499
327,98,8.21,3.3,4.7,1,3,51585,0.566
310,99,8.88,3.4,4.8,1,3,53382,0.568
330,109,8.51,3.6,3.8,0,4,72909,0.496
318,110,7.66,4.2,3.5,1,2,50466,0.544
338,110,7.91,4.1,4.3,1,3,63423,0.539
308,105,8.62,3.8,4.2,0,3,59491,0.53
335,106,8.45,4.7,3.2,1,4,85000,0.469
318,108,8.15,2.0,3.9,1,3,59860,0.506
308,107,8.21,4.0,3.5,0,2,47846,0.591
310,93,8.92,4.1,2.7,1,3,57015,0.567
312,105,8.19,2.3,4.7,0,3,61619,0.462
320,101,8.45,2.0,3.5,1,3,64074,0.583
321,108,9.8,2.8,5.0,0,5,85000,0.452
309,120,7.65,2.8,2.0,0,2,41553,0.576
315,109,7.39,4.3,3.0,1,2,47770,0.607
339,105,8.97,2.9,3.5,0,5,85000,0.364
335,112,8.09,2.6,4.5,0,3,63935,0.519
320,109,8.31,2.9,3.9,1,3,61032,0.534
316,109,8.03,4.6,3.8,1,2,51712,0.652
317,110,8.34,3.5,2.5,0,3,56955,0.527
322,119,9.46,3.3,2.5,0,5,85000,0.437
304,100,8.98,3.4,3.8,1,3,65963,0.529
313,109,9.02,4.8,2.3,0,4,66275,0.492
297,101,7.65,2.8,3.0,1,1,31624,0.693
320,110,7.81,4.8,4.0,0,2,43765,0.633
323,101,6.8,3.7,2.6,0,1,40389,0.623
310,104,8.01,3.3,4.9,0,2,42576,0.616
333,105,9.07,5.0,4.6,1,5,83344,0.445
302,112,8.81,2.4,2.1,0,3,63273,0.545
299,112,8.37,3.1,2.7,1,2,48669,0.635
318,99,8.49,2.3,1.4,1,3,62294,0.553
327,107,8.09,4.5,2.8,1,3,55670,0.531
334,102,8.62,5.0,4.2,0,4,75974,0.501
310,99,8.96,5.0,3.1,1,3,57933,0.543
327,105,7.53,4.7,3.9,1,2,47376,0.569
315,105,8.68,3.3,2.1,0,3,62188,0.525
314,120,9.06,3.1,4.2,0,4,73515,0.487
325,109,8.25,1.8,3.0,0,3,61119,0.474
323,98,8.92,5.0,3.5,0,4,69246,0.504
298,103,9.9,4.0,3.4,1,4,71502,0.42
332,113,8.44,3.0,2.4,0,4,73010,0.544
331,119,8.74,4.8,2.5,0,4,66124,0.534
309,97,8.06,2.5,4.4,1,2,46687,0.582
320,95,8.61,3.9,3.9,1,3,62938,0.543
321,118,8.78,3.3,4.4,1,4,66612,0.498
318,109,8.62,4.1,3.8,1,3,66782,0.536
309,101,7.89,3.4,3.6,0,2,55348,0.588
308,110,8.62,2.0,1.9,0,3,54774,0.518
315,92,9.38,3.6,3.3,0,4,79788,0.475
328,107,8.77,4.5,3.5,1,4,72282,0.492
321,108,9.08,3.5,5.0,1,4,75092,0.457
311,112,8.36,4.3,4.1,0,3,58516,0.54
324,100,8.95,2.5,4.9,1,4,77615,0.486
290,107,8.67,3.5,4.0,0,2,51030,0.611
328,101,7.93,2.9,2.9,1,3,56929,0.51
296,108,8.69,4.2,3.6,0,3,55173,0.568
312,101,7.9,3.5,3.7,1,2,41698,0.58
303,104,8.12,4.2,2.7,1,2,49939,0.601
301,101,8.61,4.6,3.2,1,3,63862,0.573
328,110,8.68,4.2,3.3,0,4,76254,0.475
310,112,7.79,3.8,4.9,0,2,48410,0.603
319,105,9.13,2.5,1.6,1,4,67215,0.47
315,107,8.84,3.5,4.6,0,4,69589,0.512
321,98,8.08,3.0,2.7,0,3,66761,0.502
316,105,7.58,3.2,2.3,0,2,46576,0.609
301,106,8.41,3.1,4.6,0,2,49717,0.601
326,120,8.23,2.5,4.2,1,3,55621,0.522
310,100,8.57,1.5,4.6,1,3,62682,0.55
298,115,8.28,2.8,4.2,0,2,46711,0.592
311,112,7.3,3.7,5.0,0,1,42233,0.676
332,108,8.27,2.2,4.0,0,3,64867,0.454
325,117,8.32,3.5,3.4,0,3,58521,0.544
312,109,8.88,5.0,3.8,1,3,60366,0.551
312,109,8.08,4.5,4.6,0,2,46244,0.577
312,106,9.51,5.0,2.8,1,4,65902,0.486
338,114,7.35,3.9,2.9,0,2,44712,0.574
320,113,9.29,4.7,3.2,1,4,73991,0.504
320,103,8.37,2.8,1.6,0,3,62626,0.477
327,99,9.02,2.9,3.6,1,4,73742,0.491
318,105,8.55,1.0,1.8,1,3,59491,0.563
313,102,9.18,4.7,3.5,1,4,77665,0.497
313,106,8.27,5.0,4.3,0,3,61317,0.56
315,114,7.84,2.9,3.1,0,2,52516,0.623
315,104,9.35,3.2,5.0,1,4,64131,0.535
324,106,8.43,2.7,2.2,0,3,41387,0.584
316,107,8.63,3.9,4.6,0,3,62418,0.534
324,112,9.24,4.6,4.1,1,4,65876,0.488
315,93,7.88,1.8,2.0,1,2,47937,0.592
316,103,8.86,3.9,5.0,0,4,71489,0.498
294,108,8.15,3.2,3.4,0,2,56937,0.608
326,114,8.42,3.6,2.7,1,3,62999,0.605
319,104,8.54,4.0,2.2,0,3,61829,0.534
326,95,7.6,3.3,3.3,1,2,53184,0.594
290,110,8.03,3.4,3.4,1,1,38842,0.636
338,103,9.31,3.3,3.6,1,5,82711,0.49
314,99,9.03,4.5,3.2,1,4,78357,0.468
328,103,8.46,3.9,4.1,0,4,67451,0.456
304,105,8.65,3.7,3.2,0,3,62616,0.521
322,103,8.32,2.2,1.8,1,3,53262,0.501
304,93,9.31,3.1,3.4,1,4,74019,0.449
309,112,8.38,4.4,1.4,0,3,61964,0.509
337,114,8.64,3.5,3.8,0,4,81382,0.444
313,110,9.19,4.2,2.6,0,4,65175,0.46
318,100,8.03,5.0,3.6,0,3,57995,0.58
325,105,9.44,4.5,4.7,1,5,85000,0.457
321,106,7.58,3.6,2.6,0,2,50676,0.606
317,110,9.48,3.0,4.5,1,4,73901,0.542
320,111,8.28,1.0,3.1,1,3,56219,0.58
340,102,8.35,3.3,5.0,1,4,70045,0.422
315,107,7.37,3.2,3.2,1,2,55225,0.536
318,109,8.23,3.9,2.7,0,3,60742,0.503
327,115,7.88,3.3,4.1,0,3,62876,0.514
328,111,8.14,3.2,3.1,1,3,60424,0.527
329,111,8.42,1.7,2.7,1,3,55084,0.525
323,107,9.07,2.6,3.1,1,4,77669,0.49
303,115,8.62,4.0,3.5,1,3,63516,0.547
333,109,8.68,5.0,4.7,0,4,84528,0.47
303,101,7.84,3.4,1.8,0,2,43922,0.501
319,115,7.97,3.8,3.5,0,3,65112,0.496
307,111,9.58,4.5,4.1,0,4,66442,0.488
315,104,8.06,2.7,3.7,0,2,49786,0.585
319,104,9.49,3.9,4.7,1,5,85000,0.395
319,108,8.35,2.8,3.4,1,3,50639,0.52
320,109,8.5,4.4,3.3,1,3,59975,0.516
333,108,9.14,3.7,4.0,0,5,82183,0.415
320,108,9.26,3.8,3.6,0,4,69490,0.461
313,117,8.43,2.7,3.1,1,3,62926,0.513
326,113,8.27,4.2,4.0,1,3,66603,0.511
329,108,8.47,5.0,2.9,1,4,72333,0.471
302,112,8.7,2.5,2.9,0,3,62027,0.504
322,100,9.03,3.2,3.0,1,4,73571,0.505
323,109,8.5,3.7,4.7,0,3,61009,0.563
312,117,8.87,4.3,1.0,0,3,55553,0.546
331,105,9.48,2.9,3.9,1,5,85000,0.405
314,101,8.73,1.0,3.5,0,3,62475,0.538
317,103,8.69,4.9,2.0,0,3,62974,0.562
314,100,7.59,4.3,3.8,1,2,44967,0.588
316,102,6.92,1.8,3.9,0,1,34703,0.671
303,104,8.73,2.9,4.0,1,3,60119,0.552
300,98,8.44,5.0,1.1,1,2,41329,0.623
333,107,8.19,4.9,4.7,0,3,52559,0.554
306,112,8.65,4.4,2.8,0,3,57996,0.561
305,101,8.46,3.3,4.1,0,3,63612,0.5
292,116,9.18,3.6,4.2,0,3,57734,0.544
308,110,8.55,3.4,2.7,0,3,55905,0.541
301,113,8.05,4.6,4.1,0,2,44926,0.611
334,103,9.09,2.6,3.2,0,5,82723,0.419
327,112,8.37,2.7,1.6,0,3,59230,0.563
308,100,8.82,4.5,4.6,1,3,71827,0.51
340,112,8.21,3.5,2.8,0,4,78273,0.434
326,108,8.11,4.9,2.7,1,3,66123,0.544
312,110,8.55,2.8,3.1,1,3,66842,0.516
290,99,8.51,3.4,3.7,1,2,44005,0.698
340,101,8.79,2.6,3.4,0,4,66888,0.491
300,110,8.34,3.5,4.0,1,2,43465,0.606
297,101,7.4,2.0,2.3,1,1,43672,0.61
327,109,8.24,3.0,2.8,0,3,58264,0.515
340,98,8.98,2.1,3.4,1,5,78743,0.404
331,112,8.32,4.2,5.0,0,3,58845,0.559
322,99,8.35,4.2,3.4,1,3,59806,0.523
322,110,9.09,1.8,4.5,1,4,74342,0.48
325,110,8.07,4.8,3.5,1,3,62254,0.58
324,102,7.57,5.0,3.1,0,2,44859,0.628
319,110,8.4,3.5,3.3,1,3,64428,0.549
317,108,8.21,2.9,3.3,0,3,57804,0.482
315,103,7.92,5.0,4.0,1,2,48218,0.62
307,100,8.39,2.2,4.7,1,3,64433,0.571
312,95,8.79,3.5,3.8,1,3,57790,0.583
297,109,8.49,3.7,4.6,1,2,46153,0.637
314,97,8.68,4.8,2.6,0,3,63958,0.579
305,107,9.59,3.9,3.1,0,4,68711,0.494
303,105,8.29,3.0,2.8,0,2,47076,0.61
317,111,8.67,2.5,3.8,1,3,63778,0.528
331,105,8.19,3.2,3.2,1,3,71270,0.544
326,105,7.99,2.5,4.2,1,3,64027,0.565
298,111,8.15,3.5,2.7,0,2,51363,0.571
305,109,8.21,2.9,3.5,1,2,51654,0.575
326,108,8.72,2.0,4.1,0,4,67634,0.472
305,109,9.9,4.8,1.6,1,5,85000,0.421
313,97,8.07,3.0,5.0,1,2,48851,0.618
322,111,8.25,2.2,3.2,1,3,62607,0.518
305,110,8.46,3.3,1.7,1,3,61582,0.576
317,100,8.74,3.6,3.6,0,3,62898,0.503
301,105,8.66,1.8,3.5,1,3,59442,0.564
309,106,9.27,3.8,3.4,0,4,73293,0.459
319,106,7.04,2.5,4.4,1,1,30860,0.59
298,109,7.07,5.0,4.2,0,1,35400,0.646
320,115,8.2,4.0,3.8,1,3,67954,0.535
315,113,9.16,3.1,3.9,0,4,74594,0.454
322,99,7.56,2.8,3.4,0,2,48895,0.522
318,110,6.7,3.4,5.0,0,1,46480,0.635
331,114,8.84,4.1,2.2,1,4,66195,0.518
317,109,8.65,3.5,3.6,0,3,55452,0.563
311,113,7.85,3.3,3.6,1,2,57563,0.598
317,119,7.91,3.6,4.2,1,2,49229,0.627
321,113,7.92,2.9,2.7,1,3,59787,0.519
316,108,8.57,3.2,1.9,1,3,55003,0.493
316,113,8.12,1.4,3.6,0,3,63238,0.474
308,107,8.8,4.5,3.8,1,3,63722,0.548
308,107,6.79,3.8,4.8,0,1,31527,0.625
300,104,7.99,2.7,2.4,0,2,48298,0.598
335,116,7.82,5.0,4.5,1,3,59322,0.571
302,102,8.35,3.6,5.0,0,2,50279,0.622
308,116,8.18,2.5,3.2,1,2,43403,0.595
308,109,8.98,4.4,2.3,0,3,67259,0.509
325,98,7.38,3.9,3.1,1,2,53579,0.588
312,109,8.53,3.9,3.5,0,3,59184,0.554
329,94,8.84,3.1,4.0,0,4,71917,0.398
308,110,9.61,4.0,3.0,0,4,72317,0.473
319,112,8.21,3.2,4.9,1,3,57108,0.521
306,103,8.69,4.1,2.5,1,3,58782,0.54
339,107,7.42,1.6,1.9,1,3,59648,0.474
302,118,7.06,3.1,4.5,1,1,45064,0.645
319,103,9.01,5.0,1.5,1,4,77733,0.472
322,100,8.5,2.7,3.3,0,3,65673,0.525
320,115,9.21,2.9,5.0,1,4,74849,0.483
313,118,7.68,3.1,3.5,1,2,43413,0.575
314,107,8.81,2.3,2.5,0,3,60792,0.504
316,113,9.62,1.3,3.4,0,5,85000,0.426
314,115,8.75,3.3,3.5,1,3,54708,0.573
326,102,8.67,3.6,3.6,1,4,76182,0.449
340,104,8.51,3.4,4.1,1,4,84613,0.525
309,114,7.56,3.4,2.6,1,2,54309,0.57
300,117,9.31,3.5,5.0,0,4,80070,0.539
315,110,8.13,4.5,3.7,1,3,62091,0.515
340,101,8.8,3.3,4.2,0,4,77839,0.423
307,118,7.56,2.9,2.9,0,2,45410,0.588
334,103,7.79,3.2,4.7,0,3,64979,0.53
334,104,9.36,4.1,3.3,1,5,85000,0.43
309,109,8.29,4.9,3.7,1,3,62449,0.518
322,116,9.37,2.9,2.7,0,4,79580,0.495
333,112,8.45,3.6,2.6,1,4,70306,0.457
311,109,7.39,3.8,4.1,1,1,36064,0.651
313,109,9.04,2.5,3.1,1,4,73477,0.501
309,107,8.15,3.5,2.7,1,2,43851,0.604
304,110,8.92,2.0,2.9,0,3,62134,0.555
308,92,8.52,1.7,4.1,1,3,52405,0.511
302,105,7.57,3.9,2.9,1,1,42234,0.641
316,108,8.6,3.1,3.4,1,3,61233,0.509
307,100,9.82,3.7,3.5,0,4,70395,0.487
318,109,8.8,3.5,1.8,0,4,68828,0.364
298,105,8.47,2.5,2.2,0,2,47827,0.571
319,117,9.15,3.5,3.8,1,4,76441,0.497
325,116,8.63,2.3,2.8,1,4,75738,0.488
294,104,8.63,4.9,4.5,1,2,45472,0.612
320,106,7.85,2.1,4.4,0,2,44769,0.601
329,106,8.64,3.3,4.1,0,4,76284,0.407
302,104,9.12,2.5,5.0,0,3,57388,0.549
334,108,8.0,4.1,3.4,1,3,61299,0.488
320,102,9.35,3.2,4.1,0,4,73618,0.455
308,100,8.44,3.0,3.0,1,3,62560,0.517
315,110,7.97,4.4,5.0,0,2,53291,0.647
322,110,9.1,3.5,5.0,1,4,66685,0.511
316,102,8.33,4.0,3.5,0,3,51444,0.529
321,112,8.96,2.5,3.8,1,4,70162,0.484
305,103,8.32,2.1,4.7,1,2,58007,0.58
317,108,8.46,3.6,3.4,0,3,71110,0.52
300,111,8.8,3.2,2.9,1,3,70155,0.553
314,106,8.67,4.1,4.3,0,3,60035,0.506
306,109,7.3,3.4,3.6,0,1,28089,0.661
307,103,7.83,3.7,3.7,0,2,37284,0.57
329,105,9.06,1.9,2.7,1,4,69929,0.505
328,105,8.42,5.0,2.0,1,3,60009,0.574
322,102,8.19,3.3,3.7,0,3,67503,0.474
303,105,7.68,4.2,4.3,1,2,53339,0.568
312,97,7.85,2.7,3.3,0,2,50137,0.549
329,104,7.29,3.8,4.8,1,2,44550,0.534
317,105,8.44,2.2,2.9,1,3,56196,0.498
340,105,8.14,4.0,2.6,1,4,74270,0.534
320,105,7.92,3.1,3.4,1,2,52485,0.615
318,106,8.46,3.5,3.4,1,3,62959,0.598
312,109,8.72,4.2,4.2,0,3,55827,0.576
317,112,9.76,2.3,2.8,0,5,85000,0.4
314,103,7.59,2.8,4.7,1,2,51129,0.571
323,99,9.2,4.0,5.0,0,4,67646,0.511
326,100,9.08,5.0,3.5,1,4,69078,0.507
307,104,8.03,3.4,4.6,0,2,52442,0.576
301,104,8.62,4.1,2.5,0,3,59827,0.48
295,102,8.23,3.4,4.5,0,2,56945,0.689
321,99,8.61,5.0,4.4,1,3,63505,0.551
303,104,9.41,1.8,4.3,1,4,70566,0.472
292,108,8.86,3.6,3.5,1,3,60948,0.543
320,110,8.81,1.9,1.0,0,4,73316,0.447
340,103,8.24,1.0,2.9,1,4,69358,0.454
315,104,7.61,3.8,2.9,0,2,44437,0.615
325,101,8.37,3.6,2.6,1,3,64506,0.53
316,106,9.22,3.2,3.6,0,4,77226,0.449
314,101,7.58,3.4,3.1,1,2,52018,0.571
326,110,7.87,5.0,2.8,1,3,68576,0.516
312,96,8.58,3.2,2.5,1,3,58291,0.569
318,104,7.91,4.0,2.9,1,2,57371,0.632
319,108,8.02,2.9,4.5,1,3,56495,0.531
308,108,8.25,3.8,2.9,0,2,43936,0.562
326,120,7.68,3.3,3.0,1,2,40200,0.567
314,109,7.92,3.1,3.1,1,2,46771,0.595
307,100,8.92,5.0,3.8,0,3,58481,0.56
321,106,7.72,4.7,3.9,1,2,51629,0.59
306,96,7.54,3.6,1.0,0,1,38219,0.615
316,106,8.12,1.2,4.4,0,3,55035,0.496
315,102,8.94,3.1,4.8,1,4,71036,0.478
327,112,8.38,5.0,2.6,1,3,59142,0.48
321,103,8.22,3.3,2.6,1,3,52120,0.492
315,106,8.53,4.6,3.1,0,3,56095,0.521
324,103,7.45,4.9,2.8,0,2,45145,0.617
331,117,8.8,3.7,3.7,0,4,80168,0.465
322,105,8.73,2.7,1.7,0,4,73957,0.461
316,117,8.25,1.1,2.5,1,3,64310,0.53
301,111,9.1,4.2,4.9,0,3,53506,0.602
304,109,7.82,2.7,2.7,0,2,54971,0.612
312,109,9.18,3.7,4.6,0,4,79505,0.487
309,109,8.59,2.3,3.8,0,3,51008,0.518
313,95,8.3,3.2,1.9,0,3,57473,0.487
316,105,8.49,3.5,4.1,1,3,63478,0.535
321,112,8.44,3.8,3.4,1,3,64221,0.535
315,106,9.23,2.4,3.1,1,4,69607,0.498
321,98,7.85,4.7,3.7,1,2,47472,0.611
316,106,8.04,2.9,3.9,0,2,46013,0.614
294,117,9.12,1.8,4.1,1,3,61552,0.591
305,114,8.14,3.4,4.6,0,2,54985,0.661
314,106,9.04,3.5,3.9,1,4,69144,0.487
302,112,9.52,3.7,2.3,1,4,78004,0.524
322,104,8.26,4.9,3.1,0,3,57091,0.523
332,96,8.91,3.3,5.0,0,4,68761,0.518
329,101,7.81,3.4,4.2,1,3,65092,0.553
313,116,8.95,2.4,5.0,1,4,77609,0.517
332,105,8.62,4.3,4.8,1,4,77257,0.49
317,105,8.78,3.7,3.7,1,4,66421,0.454
312,105,8.11,3.1,3.8,1,2,46670,0.559
309,118,7.5,1.6,3.5,1,2,53114,0.575
312,116,8.8,4.9,1.9,0,3,61207,0.598
311,120,7.26,2.3,3.5,0,1,31631,0.639
317,106,8.31,2.9,4.6,0,3,63291,0.555
317,108,9.06,3.9,3.0,0,4,69425,0.505
316,97,8.62,2.3,3.9,1,3,69972,0.525
320,115,9.67,2.0,4.3,0,5,85000,0.469
329,99,9.12,1.4,2.7,1,4,76020,0.387
326,108,8.11,4.2,3.1,0,3,67805,0.494
299,100,8.52,3.0,2.6,1,2,49323,0.57
290,103,8.47,5.0,2.8,1,2,52827,0.577
326,101,7.55,2.5,2.3,0,2,56388,0.58
300,103,7.94,2.6,2.7,0,2,50227,0.579
313,103,8.16,2.9,4.8,0,3,59724,0.533
303,103,7.28,3.7,2.7,0,1,28476,0.65
296,112,8.53,3.0,3.6,1,2,48584,0.582
321,100,8.35,4.1,3.0,1,3,65117,0.497
324,108,7.5,2.5,4.6,1,2,53728,0.601
309,114,8.74,2.1,4.7,0,3,63521,0.527
290,103,8.93,1.7,4.3,0,3,58293,0.479
309,102,8.64,1.3,3.8,1,3,51115,0.557
320,105,8.31,3.0,3.3,0,3,58523,0.569
299,114,8.85,3.2,2.4,0,3,59478,0.584
318,108,8.91,2.9,5.0,1,4,71435,0.49
315,103,8.68,4.7,2.8,0,3,64092,0.561
322,109,8.01,4.7,4.1,0,3,70928,0.573
317,100,8.67,3.2,4.5,0,3,61617,0.522
305,111,9.22,1.7,3.0,1,4,71916,0.507
329,109,8.14,2.9,4.4,1,3,59703,0.548
314,105,9.76,2.9,4.2,1,5,85000,0.457
315,101,8.18,2.8,5.0,1,3,56858,0.533
305,101,8.52,2.8,3.1,0,3,61600,0.558
311,110,8.1,2.8,2.3,1,2,51254,0.602
306,114,8.63,3.1,3.0,0,3,62048,0.491
314,103,7.45,2.9,3.7,1,2,51287,0.616
334,109,8.17,3.7,3.6,1,3,63168,0.516
300,94,7.84,3.9,3.1,1,2,40140,0.61
298,103,8.58,2.6,1.8,0,3,64184,0.507
332,106,9.1,4.8,3.9,0,5,81644,0.455
313,101,8.89,2.5,5.0,1,3,55520,0.586
308,101,7.08,1.9,3.9,0,1,31477,0.636
327,102,9.73,3.9,4.0,1,5,85000,0.454
309,108,8.68,2.7,4.0,1,3,59887,0.556
336,105,8.03,3.8,3.9,1,3,52590,0.479
323,93,8.59,1.1,4.3,1,3,63390,0.534
310,94,8.61,4.9,3.9,0,3,53801,0.501
339,103,8.1,4.2,3.2,1,3,61699,0.546
309,109,8.62,2.0,2.8,1,3,62192,0.498
324,92,8.14,2.0,3.3,1,3,65427,0.476
319,104,8.26,5.0,3.8,0,3,69908,0.584
330,103,8.09,2.8,3.2,1,3,54176,0.559
333,115,7.64,2.7,3.8,0,3,60737,0.519
316,104,8.59,1.2,3.9,1,3,59618,0.539
307,109,8.85,3.1,4.2,1,3,63168,0.545
321,107,8.81,3.3,4.7,0,4,74078,0.495
308,94,8.99,4.2,3.6,1,3,59237,0.528
338,111,8.69,2.1,2.3,0,4,70795,0.5
317,108,8.18,2.0,3.2,1,3,55417,0.514
311,110,9.0,4.0,3.5,0,4,77939,0.465
318,120,7.69,4.5,1.8,1,2,51296,0.599
301,94,7.96,1.9,4.7,0,2,53588,0.553
305,117,7.92,4.6,3.6,1,2,47448,0.614
329,105,9.15,3.5,3.8,1,4,69715,0.481
308,108,9.07,4.6,4.7,1,4,67608,0.505
304,106,8.79,3.4,2.9,1,3,62794,0.576
321,104,9.14,1.0,4.0,1,4,67801,0.457
329,103,7.97,3.3,3.4,1,3,70243,0.521
323,108,8.71,4.6,3.3,0,4,66461,0.489
326,97,8.42,2.6,2.8,0,3,62368,0.511
307,111,9.01,3.1,5.0,0,3,68834,0.573
300,104,8.43,3.3,3.2,0,2,51995,0.614
332,100,8.27,1.0,4.1,1,3,61878,0.561
312,104,8.82,5.0,1.8,1,3,56157,0.53
313,114,9.03,2.6,4.6,1,4,66091,0.459
330,103,8.1,4.0,4.4,0,3,64850,0.525
322,109,8.46,3.4,3.6,1,3,68530,0.517
321,102,7.86,4.8,3.3,1,2,46805,0.618
339,111,7.0,3.9,3.9,0,2,43304,0.546
308,111,8.62,3.3,5.0,1,3,48709,0.62
326,118,8.87,2.6,1.9,0,4,68096,0.514
316,105,8.66,4.3,4.2,0,3,60431,0.549
318,111,7.33,1.6,2.7,1,2,56995,0.592
332,107,8.29,4.1,3.5,1,3,64365,0.499
321,114,7.17,2.4,3.3,1,2,50525,0.647
321,102,9.32,4.8,3.1,0,4,70999,0.476
327,111,7.85,3.7,3.5,1,3,58084,0.524
311,105,9.25,4.1,2.5,0,4,80028,0.423
306,106,9.07,3.6,4.4,0,3,62003,0.571
304,107,7.96,1.7,1.9,1,2,38486,0.541
294,108,7.82,2.6,4.0,1,1,33632,0.66
338,106,8.71,4.2,3.2,0,4,68708,0.466
303,108,7.99,3.7,2.4,1,2,46268,0.556
313,116,8.56,4.7,3.7,0,3,63814,0.527
312,112,8.21,3.9,2.1,1,3,60462,0.533
319,112,7.43,2.5,3.5,0,2,48615,0.537
324,104,7.16,2.7,2.2,0,2,55567,0.533
325,101,8.64,3.6,3.9,0,4,69517,0.486
309,112,8.16,1.2,2.7,1,2,58320,0.67
314,112,8.17,5.0,3.1,1,3,57643,0.551
319,115,8.92,3.9,3.8,0,4,73445,0.458
313,103,9.2,4.7,2.8,1,4,71593,0.475
333,105,8.34,1.9,3.4,1,4,73617,0.458
321,97,8.3,4.7,2.1,0,3,63222,0.512
324,104,8.8,5.0,4.1,1,4,75169,0.514
323,112,7.69,2.2,5.0,1,2,45234,0.606
328,104,8.63,4.3,5.0,1,4,67385,0.512
317,110,8.83,3.5,3.6,0,4,85000,0.464
301,105,8.91,2.0,4.2,0,3,58580,0.576
320,108,7.34,4.0,1.9,1,2,52496,0.568
308,100,8.04,4.3,4.9,1,2,40961,0.573
310,107,7.97,2.9,4.2,1,2,47601,0.662
322,92,8.56,4.7,3.1,0,3,60364,0.48
329,105,8.79,1.8,4.6,1,4,75364,0.456
316,97,9.4,2.0,3.3,0,4,59387,0.457
319,114,8.2,3.6,3.1,1,3,61830,0.611
334,111,8.2,3.5,3.9,0,3,55251,0.597
318,109,9.19,2.8,2.5,1,4,74621,0.529
340,116,8.68,4.3,4.4,0,4,67818,0.487
322,101,9.26,4.0,2.5,1,4,68722,0.562
296,117,8.67,4.4,2.6,1,3,59631,0.553
324,112,7.81,3.4,2.7,0,2,43738,0.624
320,105,7.7,4.1,4.2,0,2,46622,0.598
330,113,7.57,3.1,2.9,1,2,43033,0.593
323,100,8.9,5.0,2.3,0,4,63834,0.466
314,102,9.21,2.7,3.0,0,4,78089,0.466
302,103,9.61,5.0,3.5,0,4,66519,0.513
313,103,9.01,3.5,2.4,1,4,72106,0.482
306,100,9.2,2.1,2.5,1,4,76764,0.463
309,114,8.15,4.9,5.0,1,2,45925,0.668
322,105,7.81,3.6,2.7,1,2,44874,0.504
334,109,9.01,4.4,3.2,0,4,74131,0.51
320,103,8.75,4.7,3.2,1,4,78589,0.497
302,96,8.56,3.8,3.1,1,3,55153,0.558
320,108,8.73,2.9,4.1,0,4,72249,0.468
329,95,8.69,4.5,4.4,0,4,64337,0.479
309,106,9.27,3.5,3.2,1,4,71033,0.514
314,98,9.28,4.2,2.4,1,4,73171,0.526
316,118,8.83,1.3,4.6,0,4,68726,0.464
307,112,9.01,3.9,3.4,1,3,58715,0.569
323,107,8.81,2.9,5.0,0,4,65958,0.529
314,114,8.22,5.0,1.5,0,3,61385,0.463
320,101,8.95,4.1,3.7,1,4,78278,0.461
306,110,7.66,3.7,5.0,0,2,43514,0.631
311,108,9.13,4.0,3.2,0,4,69886,0.513
323,108,7.78,2.5,3.3,1,2,51512,0.608
311,114,8.67,5.0,3.8,0,3,67060,0.541
334,111,7.99,5.0,3.0,0,3,53534,0.511
311,108,8.83,3.9,3.2,0,3,60156,0.53
318,97,8.48,5.0,3.2,0,3,62415,0.581
326,101,7.54,2.9,2.9,1,2,48489,0.561
300,106,8.75,2.7,4.6,1,3,48616,0.543
296,107,8.15,3.5,3.9,1,2,51505,0.572
299,100,9.03,3.9,3.7,1,3,68596,0.573
329,120,8.5,3.1,4.2,1,4,73583,0.467
309,116,8.74,4.0,3.3,0,3,55844,0.547
340,110,7.93,3.8,2.8,0,3,58434,0.481
309,107,8.15,2.5,3.0,0,2,57849,0.541
318,105,8.22,4.0,3.5,0,3,65549,0.528
332,101,9.01,4.4,2.5,0,4,76200,0.443
338,107,9.51,3.7,3.0,1,5,85000,0.5
338,108,8.02,4.7,3.0,0,3,57694,0.476
329,99,9.15,2.3,5.0,1,4,71997,0.468
327,109,7.2,4.0,1.0,0,2,48610,0.565
322,106,7.78,2.3,3.3,0,2,51747,0.573
